ID,Order ID,Date time,SKU,Name,Quantity,Sell Price,Total,Buy Price,Profit
687,ID-20171130-531154,2017-12-01 01:18:53,SSI-D01220388-MM-SAL,"Devibav Plain Trump Blouse (M,Salem)",1,115000,115000,67500,47500
686,ID-20171201-427584,2017-12-01 02:00:08,SSI-D01466013-XX-BLA,"Salyara Plain Casual Big Blouse (XXL,Black)",1,125000,125000,78270,46730
685,ID-20171201-081971,2017-12-01 02:17:38,SSI-D01401050-MM-RED,"Zeomila Zipper Casual Blouse (M,Red)",1,125000,125000,70884,54116
684,ID-20171201-009890,2017-12-01 03:04:36,SSI-D01401064-XL-RED,"Zeomila Zipper Casual Blouse (XL,Red)",1,120000,120000,67662,52338
683,ID-20171201-007229,2017-12-01 03:18:46,SSI-D01326299-LL-NAV,"Siunfhi Ethnic Trump Blouse (L,Navy)",1,125000,125000,66956,58044
683,ID-20171201-007229,2017-12-01 03:18:46,SSI-D01220334-XL-YEL,"Devibav Plain Trump Blouse (XL,Yellow)",1,120000,120000,71836,48164
682,ID-20171201-033674,2017-12-01 04:41:25,SSI-D01220355-XX-YEL,"Devibav Plain Trump Blouse (XXL,Yellow)",1,125000,125000,65365,59635
681,ID-20171201-188875,2017-12-01 05:20:12,SSI-D01466064-X3-BLA,"Salyara Plain Casual Big Blouse (XXXL,Black)",1,125000,125000,70072,54928
681,ID-20171201-188875,2017-12-01 05:20:12,SSI-D00864661-MM-NAV,"Deklia Plain Casual Blouse (M,Navy)",1,120000,120000,72962,47038
680,ID-20171201-997792,2017-12-01 06:38:56,SSI-D00864661-MM-NAV,"Deklia Plain Casual Blouse (M,Navy)",1,115000,115000,72962,42038
679,ID-20171201-040391,2017-12-01 06:56:42,SSI-D01220355-XX-YEL,"Devibav Plain Trump Blouse (XXL,Yellow)",1,120000,120000,65365,54635
678,ID-20171201-370172,2017-12-01 07:22:20,SSI-D01220355-XX-YEL,"Devibav Plain Trump Blouse (XXL,Yellow)",1,120000,120000,65365,54635
678,ID-20171201-370172,2017-12-01 07:22:20,SSI-D01326205-MM-NAV,"Siunfhi Ethnic Trump Blouse (M,Navy)",1,130000,130000,75210,54790
677,ID-20171201-007303,2017-12-01 08:14:10,SSI-D01401064-XL-RED,"Zeomila Zipper Casual Blouse (XL,Red)",1,125000,125000,67662,57338
676,ID-20171201-295773,2017-12-01 08:25:44,SSI-D01466064-X3-BLA,"Salyara Plain Casual Big Blouse (XXXL,Black)",1,130000,130000,70072,59928
675,ID-20171201-446820,2017-12-01 08:44:17,SSI-D01220307-XL-SAL,"Devibav Plain Trump Blouse (XL,Salem)",1,115000,115000,69047,45953
674,ID-20171201-349714,2017-12-01 08:53:46,SSI-D00864612-LL-NAV,"Deklia Plain Casual Blouse (L,Navy)",1,120000,120000,67366,52634
674,ID-20171201-349714,2017-12-01 08:53:46,SSI-D01401050-MM-RED,"Zeomila Zipper Casual Blouse (M,Red)",1,120000,120000,70884,49116
673,ID-20171201-514768,2017-12-01 09:30:29,SSI-D01220322-MM-YEL,"Devibav Plain Trump Blouse (M,Yellow)",1,130000,130000,67667,62333
672,ID-20171201-763429,2017-12-01 09:30:54,SSI-D01466064-X3-BLA,"Salyara Plain Casual Big Blouse (XXXL,Black)",1,120000,120000,70072,49928
671,ID-20171201-078122,2017-12-01 10:23:33,SSI-D01037812-X3-BLA,"Dellaya Plain Loose Big Blouse (XXXL,Black)",1,110000,110000,67979,42021
670,ID-20171201-036290,2017-12-01 10:47:14,SSI-D00864661-MM-NAV,"Deklia Plain Casual Blouse (M,Navy)",1,115000,115000,72962,42038
669,ID-20171201-299955,2017-12-01 11:01:44,SSI-D01401071-LL-RED,"Zeomila Zipper Casual Blouse (L,Red)",1,125000,125000,68917,56083
668,ID-20171201-293233,2017-12-01 11:45:36,SSI-D01322275-XL-WHI,"Thafqya Plain Raglan Blouse (XL,White)",1,115000,115000,62361,52639
667,ID-20171201-666983,2017-12-01 12:16:02,SSI-D01466064-X3-BLA,"Salyara Plain Casual Big Blouse (XXXL,Black)",1,130000,130000,70072,59928
667,ID-20171201-666983,2017-12-01 12:16:02,SSI-D01322234-LL-WHI,"Thafqya Plain Raglan Blouse (L,White)",1,115000,115000,73601,41399
666,ID-20171201-558702,2017-12-01 13:24:14,SSI-D01326299-LL-NAV,"Siunfhi Ethnic Trump Blouse (L,Navy)",1,130000,130000,66956,63044
666,ID-20171201-558702,2017-12-01 13:24:14,SSI-D01466064-X3-BLA,"Salyara Plain Casual Big Blouse (XXXL,Black)",1,130000,130000,70072,59928
665,ID-20171201-001694,2017-12-01 17:55:15,SSI-D01326205-MM-NAV,"Siunfhi Ethnic Trump Blouse (M,Navy)",1,115000,115000,75210,39790
665,ID-20171201-001694,2017-12-01 17:55:15,SSI-D01220355-XX-YEL,"Devibav Plain Trump Blouse (XXL,Yellow)",1,130000,130000,65365,64635
664,ID-20171201-261812,2017-12-01 22:20:08,SSI-D01322275-XL-WHI,"Thafqya Plain Raglan Blouse (XL,White)",1,125000,125000,62361,62639
663,ID-20171201-991895,2017-12-01 22:56:35,SSI-D01401064-XL-RED,"Zeomila Zipper Casual Blouse (XL,Red)",1,110000,110000,67662,42338
662,ID-20171201-829539,2017-12-01 23:30:15,SSI-D01401050-MM-RED,"Zeomila Zipper Casual Blouse (M,Red)",1,130000,130000,70884,59116
661,ID-20171202-893046,2017-12-02 00:23:11,SSI-D01220307-XL-SAL,"Devibav Plain Trump Blouse (XL,Salem)",1,115000,115000,69047,45953
660,ID-20171202-750464,2017-12-02 00:34:54,SSI-D01326205-MM-NAV,"Siunfhi Ethnic Trump Blouse (M,Navy)",1,130000,130000,75210,54790
660,ID-20171202-750464,2017-12-02 00:34:54,SSI-D01220349-LL-YEL,"Devibav Plain Trump Blouse (L,Yellow)",1,125000,125000,72544,52456
659,ID-20171202-814840,2017-12-02 01:49:22,SSI-D00864612-LL-NAV,"Deklia Plain Casual Blouse (L,Navy)",1,115000,115000,67366,47634
658,ID-20171202-104196,2017-12-02 01:53:16,SSI-D01322234-LL-WHI,"Thafqya Plain Raglan Blouse (L,White)",1,125000,125000,73601,51399
658,ID-20171202-104196,2017-12-02 01:53:16,SSI-D01466064-X3-BLA,"Salyara Plain Casual Big Blouse (XXXL,Black)",1,110000,110000,70072,39928
657,ID-20171202-772221,2017-12-02 03:08:25,SSI-D01326205-MM-NAV,"Siunfhi Ethnic Trump Blouse (M,Navy)",1,130000,130000,75210,54790
656,ID-20171202-840569,2017-12-02 04:24:25,SSI-D01401064-XL-RED,"Zeomila Zipper Casual Blouse (XL,Red)",1,125000,125000,67662,57338
656,ID-20171202-840569,2017-12-02 04:24:25,SSI-D01401071-LL-RED,"Zeomila Zipper Casual Blouse (L,Red)",1,125000,125000,68917,56083
655,ID-20171202-330556,2017-12-02 05:19:13,SSI-D01220355-XX-YEL,"Devibav Plain Trump Blouse (XXL,Yellow)",1,125000,125000,65365,59635
655,ID-20171202-330556,2017-12-02 05:19:13,SSI-D01401064-XL-RED,"Zeomila Zipper Casual Blouse (XL,Red)",1,115000,115000,67662,47338
654,ID-20171202-231538,2017-12-02 05:24:59,SSI-D01401064-XL-RED,"Zeomila Zipper Casual Blouse (XL,Red)",1,120000,120000,67662,52338
654,ID-20171202-231538,2017-12-02 05:24:59,SSI-D01220346-LL-SAL,"Devibav Plain Trump Blouse (L,Salem)",1,120000,120000,71880,48120
653,ID-20171202-079678,2017-12-02 07:02:14,SSI-D01466064-X3-BLA,"Salyara Plain Casual Big Blouse (XXXL,Black)",1,115000,115000,70072,44928
653,ID-20171202-079678,2017-12-02 07:02:14,SSI-D01322234-LL-WHI,"Thafqya Plain Raglan Blouse (L,White)",1,125000,125000,73601,51399
652,ID-20171202-742962,2017-12-02 08:44:05,SSI-D01401071-LL-RED,"Zeomila Zipper Casual Blouse (L,Red)",1,115000,115000,68917,46083
651,ID-20171202-114854,2017-12-02 09:40:36,SSI-D01401050-MM-RED,"Zeomila Zipper Casual Blouse (M,Red)",1,125000,125000,70884,54116
650,ID-20171202-824279,2017-12-02 10:45:48,SSI-D01466013-XX-BLA,"Salyara Plain Casual Big Blouse (XXL,Black)",1,125000,125000,78270,46730
649,ID-20171202-524754,2017-12-02 10:55:19,SSI-D00864661-MM-NAV,"Deklia Plain Casual Blouse (M,Navy)",1,110000,110000,72962,37038
649,ID-20171202-524754,2017-12-02 10:55:19,SSI-D00864661-MM-NAV,"Deklia Plain Casual Blouse (M,Navy)",1,125000,125000,72962,52038
648,ID-20171202-647419,2017-12-02 11:31:00,SSI-D01220334-XL-YEL,"Devibav Plain Trump Blouse (XL,Yellow)",1,125000,125000,71836,53164
647,ID-20171202-375886,2017-12-02 11:53:23,SSI-D00864661-MM-NAV,"Deklia Plain Casual Blouse (M,Navy)",1,110000,110000,72962,37038
646,ID-20171202-843011,2017-12-02 12:15:43,SSI-D01326205-MM-NAV,"Siunfhi Ethnic Trump Blouse (M,Navy)",1,130000,130000,75210,54790
646,ID-20171202-843011,2017-12-02 12:15:43,SSI-D01322275-XL-WHI,"Thafqya Plain Raglan Blouse (XL,White)",1,125000,125000,62361,62639
645,ID-20171202-028916,2017-12-02 12:21:04,SSI-D01466064-X3-BLA,"Salyara Plain Casual Big Blouse (XXXL,Black)",1,130000,130000,70072,59928
644,ID-20171202-510065,2017-12-02 12:21:46,SSI-D01401050-MM-RED,"Zeomila Zipper Casual Blouse (M,Red)",1,110000,110000,70884,39116
643,ID-20171202-733760,2017-12-02 14:03:13,SSI-D00864612-LL-NAV,"Deklia Plain Casual Blouse (L,Navy)",1,110000,110000,67366,42634
642,ID-20171202-686021,2017-12-02 17:19:19,SSI-D01220307-XL-SAL,"Devibav Plain Trump Blouse (XL,Salem)",1,125000,125000,69047,55953
642,ID-20171202-686021,2017-12-02 17:19:19,SSI-D00864612-LL-NAV,"Deklia Plain Casual Blouse (L,Navy)",1,115000,115000,67366,47634
641,ID-20171202-683924,2017-12-02 17:44:52,SSI-D01322234-LL-WHI,"Thafqya Plain Raglan Blouse (L,White)",1,125000,125000,73601,51399
640,ID-20171202-887491,2017-12-02 19:29:19,SSI-D01220322-MM-YEL,"Devibav Plain Trump Blouse (M,Yellow)",1,130000,130000,67667,62333
639,ID-20171202-250318,2017-12-03 00:27:22,SSI-D01220357-SS-YEL,"Devibav Plain Trump Blouse (S,Yellow)",1,125000,125000,63651,61349
638,ID-20171203-697782,2017-12-03 00:46:22,SSI-D01220338-XX-SAL,"Devibav Plain Trump Blouse (XXL,Salem)",1,115000,115000,67300,47700
637,ID-20171203-676497,2017-12-03 01:25:44,SSI-D01466013-XX-BLA,"Salyara Plain Casual Big Blouse (XXL,Black)",1,120000,120000,78270,41730
636,ID-20171203-222155,2017-12-03 01:40:44,SSI-D01220307-XL-SAL,"Devibav Plain Trump Blouse (XL,Salem)",1,115000,115000,69047,45953
635,ID-20171203-756596,2017-12-03 02:53:52,SSI-D01322234-LL-WHI,"Thafqya Plain Raglan Blouse (L,White)",1,115000,115000,73601,41399
635,ID-20171203-756596,2017-12-03 02:53:52,SSI-D01326299-LL-NAV,"Siunfhi Ethnic Trump Blouse (L,Navy)",1,125000,125000,66956,58044
634,ID-20171203-241034,2017-12-03 02:55:30,SSI-D01401064-XL-RED,"Zeomila Zipper Casual Blouse (XL,Red)",1,115000,115000,67662,47338
633,ID-20171203-178581,2017-12-03 02:56:10,SSI-D01466064-X3-BLA,"Salyara Plain Casual Big Blouse (XXXL,Black)",1,130000,130000,70072,59928
632,ID-20171203-755382,2017-12-03 02:56:52,SSI-D01401050-MM-RED,"Zeomila Zipper Casual Blouse (M,Red)",1,120000,120000,70884,49116
632,ID-20171203-755382,2017-12-03 02:56:52,SSI-D01322275-XL-WHI,"Thafqya Plain Raglan Blouse (XL,White)",1,110000,110000,62361,47639
631,ID-20171203-587749,2017-12-03 04:21:51,SSI-D01401071-LL-RED,"Zeomila Zipper Casual Blouse (L,Red)",1,125000,125000,68917,56083
630,ID-20171203-233445,2017-12-03 04:50:50,SSI-D01220349-LL-YEL,"Devibav Plain Trump Blouse (L,Yellow)",1,125000,125000,72544,52456
629,ID-20171203-806765,2017-12-03 05:03:13,SSI-D01466064-X3-BLA,"Salyara Plain Casual Big Blouse (XXXL,Black)",1,130000,130000,70072,59928
629,ID-20171203-806765,2017-12-03 05:03:13,SSI-D01322275-XL-WHI,"Thafqya Plain Raglan Blouse (XL,White)",1,130000,130000,62361,67639
628,ID-20171203-043184,2017-12-03 06:14:38,SSI-D00864661-MM-NAV,"Deklia Plain Casual Blouse (M,Navy)",1,125000,125000,72962,52038
627,ID-20171203-613931,2017-12-03 06:19:55,SSI-D01322275-XL-WHI,"Thafqya Plain Raglan Blouse (XL,White)",1,125000,125000,62361,62639
626,ID-20171203-710637,2017-12-03 06:29:29,SSI-D00864612-LL-NAV,"Deklia Plain Casual Blouse (L,Navy)",1,125000,125000,67366,57634
625,ID-20171203-332603,2017-12-03 06:59:20,SSI-D01401050-MM-RED,"Zeomila Zipper Casual Blouse (M,Red)",1,130000,130000,70884,59116
624,ID-20171203-579132,2017-12-03 07:15:55,SSI-D01326286-LL-KHA,"Siunfhi Ethnic Trump Blouse (L,Khaki)",1,125000,125000,68455,56545
623,ID-20171203-201667,2017-12-03 09:06:18,SSI-D01401071-LL-RED,"Zeomila Zipper Casual Blouse (L,Red)",1,120000,120000,68917,51083
622,ID-20171203-552323,2017-12-03 09:33:39,SSI-D01220357-SS-YEL,"Devibav Plain Trump Blouse (S,Yellow)",1,115000,115000,63651,51349
622,ID-20171203-552323,2017-12-03 09:33:39,SSI-D01220322-MM-YEL,"Devibav Plain Trump Blouse (M,Yellow)",1,130000,130000,67667,62333
621,ID-20171203-094769,2017-12-03 10:02:12,SSI-D01401064-XL-RED,"Zeomila Zipper Casual Blouse (XL,Red)",1,125000,125000,67662,57338
621,ID-20171203-094769,2017-12-03 10:02:12,SSI-D01220388-MM-SAL,"Devibav Plain Trump Blouse (M,Salem)",1,120000,120000,67500,52500
620,ID-20171203-359283,2017-12-03 10:45:25,SSI-D01401050-MM-RED,"Zeomila Zipper Casual Blouse (M,Red)",1,130000,130000,70884,59116
619,ID-20171203-167520,2017-12-03 11:03:50,SSI-D00864612-LL-NAV,"Deklia Plain Casual Blouse (L,Navy)",1,110000,110000,67366,42634
618,ID-20171203-772169,2017-12-03 11:07:38,SSI-D01220338-XX-SAL,"Devibav Plain Trump Blouse (XXL,Salem)",4,120000,480000,67300,210800
618,ID-20171203-772169,2017-12-03 11:07:38,SSI-D01220346-LL-SAL,"Devibav Plain Trump Blouse (L,Salem)",1,110000,110000,71880,38120
618,ID-20171203-772169,2017-12-03 11:07:38,SSI-D01322275-XL-WHI,"Thafqya Plain Raglan Blouse (XL,White)",1,130000,130000,62361,67639
617,ID-20171203-549384,2017-12-03 13:42:32,SSI-D01326223-MM-KHA,"Siunfhi Ethnic Trump Blouse (M,Khaki)",1,115000,115000,64729,50271
616,ID-20171203-874066,2017-12-03 15:01:33,SSI-D01322275-XL-WHI,"Thafqya Plain Raglan Blouse (XL,White)",1,120000,120000,62361,57639
616,ID-20171203-874066,2017-12-03 15:01:33,SSI-D01401064-XL-RED,"Zeomila Zipper Casual Blouse (XL,Red)",1,120000,120000,67662,52338
615,ID-20171203-964016,2017-12-03 16:14:11,SSI-D01037807-X3-BWH,"Dellaya Plain Loose Big Blouse (XXXL,Broken White)",1,115000,115000,62321,52679
614,ID-20171203-459438,2017-12-03 17:34:13,SSI-D01401064-XL-RED,"Zeomila Zipper Casual Blouse (XL,Red)",1,130000,130000,67662,62338
614,ID-20171203-459438,2017-12-03 17:34:13,SSI-D01322234-LL-WHI,"Thafqya Plain Raglan Blouse (L,White)",1,115000,115000,73601,41399
613,ID-20171204-267069,2017-12-04 00:37:41,SSI-D01220322-MM-YEL,"Devibav Plain Trump Blouse (M,Yellow)",1,120000,120000,67667,52333
612,ID-20171204-369151,2017-12-04 00:44:13,SSI-D01401071-LL-RED,"Zeomila Zipper Casual Blouse (L,Red)",1,120000,120000,68917,51083
611,ID-20171204-778945,2017-12-04 00:55:08,SSI-D01401071-LL-RED,"Zeomila Zipper Casual Blouse (L,Red)",1,125000,125000,68917,56083
611,ID-20171204-778945,2017-12-04 00:55:08,SSI-D00864612-LL-NAV,"Deklia Plain Casual Blouse (L,Navy)",1,110000,110000,67366,42634
610,ID-20171204-848305,2017-12-04 01:40:47,SSI-D01401071-LL-RED,"Zeomila Zipper Casual Blouse (L,Red)",1,120000,120000,68917,51083
610,ID-20171204-848305,2017-12-04 01:40:47,SSI-D01401050-MM-RED,"Zeomila Zipper Casual Blouse (M,Red)",1,110000,110000,70884,39116
609,ID-20171204-483210,2017-12-04 01:54:02,SSI-D01037812-X3-BLA,"Dellaya Plain Loose Big Blouse (XXXL,Black)",1,120000,120000,67979,52021
608,ID-20171204-092042,2017-12-04 02:11:14,SSI-D01220349-LL-YEL,"Devibav Plain Trump Blouse (L,Yellow)",1,125000,125000,72544,52456
608,ID-20171204-092042,2017-12-04 02:11:14,SSI-D00864612-LL-NAV,"Deklia Plain Casual Blouse (L,Navy)",1,125000,125000,67366,57634
607,ID-20171204-853415,2017-12-04 02:56:13,SSI-D01220349-LL-YEL,"Devibav Plain Trump Blouse (L,Yellow)",1,120000,120000,72544,47456
606,ID-20171204-766028,2017-12-04 03:05:56,SSI-D01037822-XX-BLA,"Dellaya Plain Loose Big Blouse (XXL,Black)",1,125000,125000,74011,50989
605,ID-20171204-567287,2017-12-04 03:38:51,SSI-D01401064-XL-RED,"Zeomila Zipper Casual Blouse (XL,Red)",1,125000,125000,67662,57338
605,ID-20171204-567287,2017-12-04 03:38:51,SSI-D01401064-XL-RED,"Zeomila Zipper Casual Blouse (XL,Red)",1,115000,115000,67662,47338
604,ID-20171204-286393,2017-12-04 04:24:22,SSI-D01401071-LL-RED,"Zeomila Zipper Casual Blouse (L,Red)",1,125000,125000,68917,56083
603,ID-20171204-447492,2017-12-04 04:26:23,SSI-D01326205-MM-NAV,"Siunfhi Ethnic Trump Blouse (M,Navy)",1,125000,125000,75210,49790
602,ID-20171204-688477,2017-12-04 04:40:44,SSI-D01220334-XL-YEL,"Devibav Plain Trump Blouse (XL,Yellow)",1,130000,130000,71836,58164
601,ID-20171204-357067,2017-12-04 05:09:10,SSI-D01401071-LL-RED,"Zeomila Zipper Casual Blouse (L,Red)",1,115000,115000,68917,46083
601,ID-20171204-357067,2017-12-04 05:09:10,SSI-D01326286-LL-KHA,"Siunfhi Ethnic Trump Blouse (L,Khaki)",1,115000,115000,68455,46545
600,ID-20171204-658513,2017-12-04 05:21:44,SSI-D01466064-X3-BLA,"Salyara Plain Casual Big Blouse (XXXL,Black)",1,125000,125000,70072,54928
599,ID-20171204-023078,2017-12-04 05:22:34,SSI-D01220307-XL-SAL,"Devibav Plain Trump Blouse (XL,Salem)",1,110000,110000,69047,40953
598,ID-20171204-599094,2017-12-04 05:31:46,SSI-D01401050-MM-RED,"Zeomila Zipper Casual Blouse (M,Red)",1,115000,115000,70884,44116
597,ID-20171204-217545,2017-12-04 06:10:51,SSI-D00864661-MM-NAV,"Deklia Plain Casual Blouse (M,Navy)",1,120000,120000,72962,47038
596,ID-20171204-203204,2017-12-04 06:21:19,SSI-D01220355-XX-YEL,"Devibav Plain Trump Blouse (XXL,Yellow)",1,130000,130000,65365,64635
596,ID-20171204-203204,2017-12-04 06:21:19,SSI-D01401071-LL-RED,"Zeomila Zipper Casual Blouse (L,Red)",1,110000,110000,68917,41083
595,ID-20171204-236078,2017-12-04 07:27:44,SSI-D01401064-XL-RED,"Zeomila Zipper Casual Blouse (XL,Red)",1,125000,125000,67662,57338
594,ID-20171204-366388,2017-12-04 08:13:05,SSI-D00864661-MM-NAV,"Deklia Plain Casual Blouse (M,Navy)",1,125000,125000,72962,52038
594,ID-20171204-366388,2017-12-04 08:13:05,SSI-D01401064-XL-RED,"Zeomila Zipper Casual Blouse (XL,Red)",1,110000,110000,67662,42338
593,ID-20171204-430502,2017-12-04 10:02:03,SSI-D01401064-XL-RED,"Zeomila Zipper Casual Blouse (XL,Red)",1,130000,130000,67662,62338
593,ID-20171204-430502,2017-12-04 10:02:03,SSI-D01220355-XX-YEL,"Devibav Plain Trump Blouse (XXL,Yellow)",1,130000,130000,65365,64635
592,ID-20171204-377474,2017-12-04 11:46:24,SSI-D01401050-MM-RED,"Zeomila Zipper Casual Blouse (M,Red)",1,130000,130000,70884,59116
591,ID-20171204-582548,2017-12-04 12:51:16,SSI-D01401050-MM-RED,"Zeomila Zipper Casual Blouse (M,Red)",1,110000,110000,70884,39116
590,ID-20171204-191453,2017-12-04 13:34:11,SSI-D01220355-XX-YEL,"Devibav Plain Trump Blouse (XXL,Yellow)",1,125000,125000,65365,59635
589,ID-20171204-661654,2017-12-04 13:57:35,SSI-D01220388-MM-SAL,"Devibav Plain Trump Blouse (M,Salem)",1,110000,110000,67500,42500
589,ID-20171204-661654,2017-12-04 13:57:35,SSI-D01401071-LL-RED,"Zeomila Zipper Casual Blouse (L,Red)",1,110000,110000,68917,41083
588,ID-20171204-357710,2017-12-04 15:31:13,SSI-D01401050-MM-RED,"Zeomila Zipper Casual Blouse (M,Red)",1,125000,125000,70884,54116
587,ID-20171204-557630,2017-12-04 15:31:44,SSI-D01401064-XL-RED,"Zeomila Zipper Casual Blouse (XL,Red)",1,125000,125000,67662,57338
587,ID-20171204-557630,2017-12-04 15:31:44,SSI-D01220388-MM-SAL,"Devibav Plain Trump Blouse (M,Salem)",1,120000,120000,67500,52500
586,ID-20171204-597470,2017-12-04 22:45:09,SSI-D01322234-LL-WHI,"Thafqya Plain Raglan Blouse (L,White)",1,125000,125000,73601,51399
585,ID-20171204-238474,2017-12-04 23:30:38,SSI-D01401071-LL-RED,"Zeomila Zipper Casual Blouse (L,Red)",2,115000,230000,68917,92166
585,ID-20171204-238474,2017-12-04 23:30:38,SSI-D01220388-MM-SAL,"Devibav Plain Trump Blouse (M,Salem)",1,115000,115000,67500,47500
584,ID-20171205-094700,2017-12-05 00:35:32,SSI-D01401071-LL-RED,"Zeomila Zipper Casual Blouse (L,Red)",1,110000,110000,68917,41083
584,ID-20171205-094700,2017-12-05 00:35:32,SSI-D00864612-LL-NAV,"Deklia Plain Casual Blouse (L,Navy)",1,110000,110000,67366,42634
583,ID-20171205-044965,2017-12-05 00:45:31,SSI-D01220357-SS-YEL,"Devibav Plain Trump Blouse (S,Yellow)",1,120000,120000,63651,56349
583,ID-20171205-044965,2017-12-05 00:45:31,SSI-D01401050-MM-RED,"Zeomila Zipper Casual Blouse (M,Red)",1,110000,110000,70884,39116
582,ID-20171205-587922,2017-12-05 01:34:28,SSI-D01322275-XL-WHI,"Thafqya Plain Raglan Blouse (XL,White)",1,125000,125000,62361,62639
581,ID-20171205-214315,2017-12-05 01:43:56,SSI-D01326223-MM-KHA,"Siunfhi Ethnic Trump Blouse (M,Khaki)",1,110000,110000,64729,45271
581,ID-20171205-214315,2017-12-05 01:43:56,SSI-D01322275-XL-WHI,"Thafqya Plain Raglan Blouse (XL,White)",1,120000,120000,62361,57639
580,ID-20171205-667277,2017-12-05 02:00:57,SSI-D01326201-XL-KHA,"Siunfhi Ethnic Trump Blouse (XL,Khaki)",1,130000,130000,69809,60191
579,ID-20171205-572989,2017-12-05 02:03:48,SSI-D01322234-LL-WHI,"Thafqya Plain Raglan Blouse (L,White)",1,125000,125000,73601,51399
578,ID-20171205-795323,2017-12-05 03:52:53,SSI-D01220388-MM-SAL,"Devibav Plain Trump Blouse (M,Salem)",3,130000,390000,67500,187500
578,ID-20171205-795323,2017-12-05 03:52:53,SSI-D01220388-MM-SAL,"Devibav Plain Trump Blouse (M,Salem)",1,120000,120000,67500,52500
577,ID-20171205-876768,2017-12-05 04:33:49,SSI-D00864661-MM-NAV,"Deklia Plain Casual Blouse (M,Navy)",1,130000,130000,72962,57038
576,ID-20171205-488011,2017-12-05 04:50:41,SSI-D00864612-LL-NAV,"Deklia Plain Casual Blouse (L,Navy)",1,130000,130000,67366,62634
575,ID-20171205-004590,2017-12-05 04:54:54,SSI-D01401071-LL-RED,"Zeomila Zipper Casual Blouse (L,Red)",1,130000,130000,68917,61083
575,ID-20171205-004590,2017-12-05 04:54:54,SSI-D01220388-MM-SAL,"Devibav Plain Trump Blouse (M,Salem)",1,115000,115000,67500,47500
574,ID-20171205-458232,2017-12-05 05:56:08,SSI-D01322234-LL-WHI,"Thafqya Plain Raglan Blouse (L,White)",1,125000,125000,73601,51399
573,ID-20171205-126530,2017-12-05 06:45:00,SSI-D00864661-MM-NAV,"Deklia Plain Casual Blouse (M,Navy)",1,120000,120000,72962,47038
572,ID-20171205-387144,2017-12-05 07:01:45,SSI-D00864612-LL-NAV,"Deklia Plain Casual Blouse (L,Navy)",1,110000,110000,67366,42634
571,ID-20171205-959024,2017-12-05 07:05:42,SSI-D00864612-LL-NAV,"Deklia Plain Casual Blouse (L,Navy)",1,125000,125000,67366,57634
570,ID-20171205-140438,2017-12-05 08:10:19,SSI-D00864661-MM-NAV,"Deklia Plain Casual Blouse (M,Navy)",1,125000,125000,72962,52038
569,ID-20171205-569746,2017-12-05 10:41:32,SSI-D01326299-LL-NAV,"Siunfhi Ethnic Trump Blouse (L,Navy)",1,110000,110000,66956,43044
568,ID-20171205-814748,2017-12-05 11:55:42,SSI-D01326201-XL-KHA,"Siunfhi Ethnic Trump Blouse (XL,Khaki)",1,120000,120000,69809,50191
568,ID-20171205-814748,2017-12-05 11:55:42,SSI-D00791091-XL-BWH,"Zalekia Plain Casual Blouse (XL,Broken White)",1,125000,125000,73324,51676
567,ID-20171205-723710,2017-12-05 13:14:59,SSI-D01322234-LL-WHI,"Thafqya Plain Raglan Blouse (L,White)",1,110000,110000,73601,36399
566,ID-20171205-897421,2017-12-05 13:44:12,SSI-D01322234-LL-WHI,"Thafqya Plain Raglan Blouse (L,White)",1,110000,110000,73601,36399
565,ID-20171205-990226,2017-12-05 14:07:24,SSI-D01220357-SS-YEL,"Devibav Plain Trump Blouse (S,Yellow)",1,115000,115000,63651,51349
564,ID-20171205-799418,2017-12-05 14:38:45,SSI-D00864612-LL-NAV,"Deklia Plain Casual Blouse (L,Navy)",1,110000,110000,67366,42634
563,ID-20171205-024952,2017-12-05 15:15:40,SSI-D00791015-LL-BWH,"Zalekia Plain Casual Blouse (L,Broken White)",1,110000,110000,70448,39552
562,ID-20171205-375955,2017-12-05 17:52:54,SSI-D01220349-LL-YEL,"Devibav Plain Trump Blouse (L,Yellow)",1,115000,115000,72544,42456
562,ID-20171205-375955,2017-12-05 17:52:54,SSI-D01322275-XL-WHI,"Thafqya Plain Raglan Blouse (XL,White)",1,130000,130000,62361,67639
561,ID-20171205-820027,2017-12-05 19:11:05,SSI-D01037822-XX-BLA,"Dellaya Plain Loose Big Blouse (XXL,Black)",1,125000,125000,74011,50989
561,ID-20171205-820027,2017-12-05 19:11:05,SSI-D00864661-MM-NAV,"Deklia Plain Casual Blouse (M,Navy)",1,120000,120000,72962,47038
560,ID-20171205-584972,2017-12-06 02:51:57,SSI-D01322275-XL-WHI,"Thafqya Plain Raglan Blouse (XL,White)",1,120000,120000,62361,57639
559,ID-20171206-130674,2017-12-06 03:07:33,SSI-D01401064-XL-RED,"Zeomila Zipper Casual Blouse (XL,Red)",1,110000,110000,67662,42338
558,ID-20171206-883808,2017-12-06 03:14:21,SSI-D01220349-LL-YEL,"Devibav Plain Trump Blouse (L,Yellow)",1,110000,110000,72544,37456
557,ID-20171206-934657,2017-12-06 03:34:13,SSI-D00864612-LL-NAV,"Deklia Plain Casual Blouse (L,Navy)",1,125000,125000,67366,57634
557,ID-20171206-934657,2017-12-06 03:34:13,SSI-D01326286-LL-KHA,"Siunfhi Ethnic Trump Blouse (L,Khaki)",1,120000,120000,68455,51545
556,ID-20171206-877780,2017-12-06 06:05:48,SSI-D01322275-XL-WHI,"Thafqya Plain Raglan Blouse (XL,White)",2,110000,220000,62361,95278
556,ID-20171206-877780,2017-12-06 06:05:48,SSI-D01220349-LL-YEL,"Devibav Plain Trump Blouse (L,Yellow)",1,115000,115000,72544,42456
555,ID-20171206-904900,2017-12-06 06:25:42,SSI-D01326205-MM-NAV,"Siunfhi Ethnic Trump Blouse (M,Navy)",1,130000,130000,75210,54790
554,ID-20171206-990859,2017-12-06 06:41:14,SSI-D00864612-LL-NAV,"Deklia Plain Casual Blouse (L,Navy)",1,120000,120000,67366,52634
553,ID-20171206-845897,2017-12-06 10:33:10,SSI-D01326299-LL-NAV,"Siunfhi Ethnic Trump Blouse (L,Navy)",1,115000,115000,66956,48044
552,ID-20171206-100887,2017-12-06 10:52:42,SSI-D01322234-LL-WHI,"Thafqya Plain Raglan Blouse (L,White)",1,130000,130000,73601,56399
551,ID-20171206-752043,2017-12-06 13:19:53,SSI-D01220349-LL-YEL,"Devibav Plain Trump Blouse (L,Yellow)",1,120000,120000,72544,47456
550,ID-20171206-890720,2017-12-06 13:45:35,SSI-D01322275-XL-WHI,"Thafqya Plain Raglan Blouse (XL,White)",1,115000,115000,62361,52639
549,ID-20171206-877565,2017-12-06 14:58:35,SSI-D01322275-XL-WHI,"Thafqya Plain Raglan Blouse (XL,White)",1,130000,130000,62361,67639
549,ID-20171206-877565,2017-12-06 14:58:35,SSI-D01220357-SS-YEL,"Devibav Plain Trump Blouse (S,Yellow)",1,115000,115000,63651,51349
548,ID-20171206-414465,2017-12-06 23:11:24,SSI-D01220346-LL-SAL,"Devibav Plain Trump Blouse (L,Salem)",1,130000,130000,71880,58120
547,ID-20171206-040870,2017-12-06 23:12:03,SSI-D01220388-MM-SAL,"Devibav Plain Trump Blouse (M,Salem)",1,130000,130000,67500,62500
546,ID-20171207-374282,2017-12-07 03:34:41,SSI-D01322275-XL-WHI,"Thafqya Plain Raglan Blouse (XL,White)",1,115000,115000,62361,52639
545,ID-20171207-154800,2017-12-07 04:12:32,SSI-D01322234-LL-WHI,"Thafqya Plain Raglan Blouse (L,White)",1,115000,115000,73601,41399
545,ID-20171207-154800,2017-12-07 04:12:32,SSI-D01037822-XX-BLA,"Dellaya Plain Loose Big Blouse (XXL,Black)",1,120000,120000,74011,45989
544,ID-20171207-083579,2017-12-07 04:36:14,SSI-D00864661-MM-NAV,"Deklia Plain Casual Blouse (M,Navy)",1,120000,120000,72962,47038
543,ID-20171207-252527,2017-12-07 04:53:15,SSI-D01220322-MM-YEL,"Devibav Plain Trump Blouse (M,Yellow)",1,115000,115000,67667,47333
543,ID-20171207-252527,2017-12-07 04:53:15,SSI-D00864661-MM-NAV,"Deklia Plain Casual Blouse (M,Navy)",1,125000,125000,72962,52038
542,ID-20171207-363344,2017-12-07 05:36:02,SSI-D01326299-LL-NAV,"Siunfhi Ethnic Trump Blouse (L,Navy)",1,120000,120000,66956,53044
541,ID-20171207-121592,2017-12-07 08:16:00,SSI-D00864612-LL-NAV,"Deklia Plain Casual Blouse (L,Navy)",1,115000,115000,67366,47634
541,ID-20171207-121592,2017-12-07 08:16:00,SSI-D01322234-LL-WHI,"Thafqya Plain Raglan Blouse (L,White)",1,110000,110000,73601,36399
540,ID-20171207-213561,2017-12-07 10:13:13,SSI-D01326286-LL-KHA,"Siunfhi Ethnic Trump Blouse (L,Khaki)",1,110000,110000,68455,41545
540,ID-20171207-213561,2017-12-07 10:13:13,SSI-D01037822-XX-BLA,"Dellaya Plain Loose Big Blouse (XXL,Black)",1,110000,110000,74011,35989
539,ID-20171207-489881,2017-12-07 14:00:17,SSI-D01220322-MM-YEL,"Devibav Plain Trump Blouse (M,Yellow)",1,115000,115000,67667,47333
538,ID-20171207-363609,2017-12-07 14:01:06,SSI-D00864612-LL-NAV,"Deklia Plain Casual Blouse (L,Navy)",1,125000,125000,67366,57634
537,ID-20171207-371707,2017-12-07 14:14:34,SSI-D01037822-XX-BLA,"Dellaya Plain Loose Big Blouse (XXL,Black)",1,130000,130000,74011,55989
536,ID-20171207-658742,2017-12-07 14:16:06,SSI-D01220334-XL-YEL,"Devibav Plain Trump Blouse (XL,Yellow)",1,130000,130000,71836,58164
536,ID-20171207-658742,2017-12-07 14:16:06,SSI-D01220346-LL-SAL,"Devibav Plain Trump Blouse (L,Salem)",1,130000,130000,71880,58120
535,ID-20171207-845440,2017-12-07 15:25:35,SSI-D01220349-LL-YEL,"Devibav Plain Trump Blouse (L,Yellow)",1,120000,120000,72544,47456
535,ID-20171207-845440,2017-12-07 15:25:35,SSI-D01220338-XX-SAL,"Devibav Plain Trump Blouse (XXL,Salem)",1,125000,125000,67300,57700
534,ID-20171207-049209,2017-12-07 17:14:21,SSI-D01220355-XX-YEL,"Devibav Plain Trump Blouse (XXL,Yellow)",1,115000,115000,65365,49635
533,ID-20171207-966648,2017-12-07 19:10:01,SSI-D00864612-LL-NAV,"Deklia Plain Casual Blouse (L,Navy)",1,130000,130000,67366,62634
532,ID-20171207-736072,2017-12-07 21:17:25,SSI-D00791015-LL-BWH,"Zalekia Plain Casual Blouse (L,Broken White)",1,125000,125000,70448,54552
531,ID-20171207-021250,2017-12-08 02:13:34,SSI-D01326286-LL-KHA,"Siunfhi Ethnic Trump Blouse (L,Khaki)",1,125000,125000,68455,56545
530,ID-20171208-568576,2017-12-08 02:42:30,SSI-D01322275-XL-WHI,"Thafqya Plain Raglan Blouse (XL,White)",1,110000,110000,62361,47639
530,ID-20171208-568576,2017-12-08 02:42:30,SSI-D01401050-MM-RED,"Zeomila Zipper Casual Blouse (M,Red)",1,125000,125000,70884,54116
529,ID-20171208-626382,2017-12-08 04:38:35,SSI-D01322275-XL-WHI,"Thafqya Plain Raglan Blouse (XL,White)",1,130000,130000,62361,67639
528,ID-20171208-684258,2017-12-08 06:12:08,SSI-D00864612-LL-NAV,"Deklia Plain Casual Blouse (L,Navy)",1,130000,130000,67366,62634
528,ID-20171208-684258,2017-12-08 06:12:08,SSI-D00864612-LL-NAV,"Deklia Plain Casual Blouse (L,Navy)",1,115000,115000,67366,47634
527,ID-20171208-746419,2017-12-08 06:56:59,SSI-D01220388-MM-SAL,"Devibav Plain Trump Blouse (M,Salem)",1,110000,110000,67500,42500
526,ID-20171208-672620,2017-12-08 08:13:37,SSI-D01037822-XX-BLA,"Dellaya Plain Loose Big Blouse (XXL,Black)",1,130000,130000,74011,55989
525,ID-20171208-686195,2017-12-08 08:15:18,SSI-D00864612-LL-NAV,"Deklia Plain Casual Blouse (L,Navy)",1,110000,110000,67366,42634
525,ID-20171208-686195,2017-12-08 08:15:18,SSI-D00791077-MM-BWH,"Zalekia Plain Casual Blouse (M,Broken White)",1,130000,130000,71855,58145
524,ID-20171208-730436,2017-12-08 08:41:49,SSI-D01220355-XX-YEL,"Devibav Plain Trump Blouse (XXL,Yellow)",1,110000,110000,65365,44635
523,ID-20171208-900678,2017-12-08 10:22:47,SSI-D01220388-MM-SAL,"Devibav Plain Trump Blouse (M,Salem)",1,125000,125000,67500,57500
522,ID-20171208-606576,2017-12-08 10:26:57,SSI-D01220388-MM-SAL,"Devibav Plain Trump Blouse (M,Salem)",1,115000,115000,67500,47500
521,ID-20171208-527174,2017-12-08 11:22:53,SSI-D01322234-LL-WHI,"Thafqya Plain Raglan Blouse (L,White)",1,125000,125000,73601,51399
520,ID-20171208-928009,2017-12-08 12:15:49,SSI-D01322234-LL-WHI,"Thafqya Plain Raglan Blouse (L,White)",1,125000,125000,73601,51399
520,ID-20171208-928009,2017-12-08 12:15:49,SSI-D01322275-XL-WHI,"Thafqya Plain Raglan Blouse (XL,White)",1,130000,130000,62361,67639
519,ID-20171208-871274,2017-12-08 14:17:59,SSI-D01220388-MM-SAL,"Devibav Plain Trump Blouse (M,Salem)",1,130000,130000,67500,62500
519,ID-20171208-871274,2017-12-08 14:17:59,SSI-D01220388-MM-SAL,"Devibav Plain Trump Blouse (M,Salem)",1,120000,120000,67500,52500
518,ID-20171208-608958,2017-12-08 16:13:47,SSI-D01322234-LL-WHI,"Thafqya Plain Raglan Blouse (L,White)",1,120000,120000,73601,46399
518,ID-20171208-608958,2017-12-08 16:13:47,SSI-D01326205-MM-NAV,"Siunfhi Ethnic Trump Blouse (M,Navy)",1,130000,130000,75210,54790
517,ID-20171208-679432,2017-12-08 17:21:58,SSI-D01220388-MM-SAL,"Devibav Plain Trump Blouse (M,Salem)",1,115000,115000,67500,47500
516,ID-20171208-101785,2017-12-08 23:15:53,SSI-D00864614-XL-NAV,"Deklia Plain Casual Blouse (XL,Navy)",1,115000,115000,65561,49439
516,ID-20171208-101785,2017-12-08 23:15:53,SSI-D01037807-X3-BWH,"Dellaya Plain Loose Big Blouse (XXXL,Broken White)",1,130000,130000,62321,67679
515,ID-20171209-683254,2017-12-09 01:49:59,SSI-D00791091-XL-BWH,"Zalekia Plain Casual Blouse (XL,Broken White)",1,130000,130000,73324,56676
514,ID-20171209-342079,2017-12-09 02:02:50,SSI-D00791091-XL-BWH,"Zalekia Plain Casual Blouse (XL,Broken White)",1,125000,125000,73324,51676
513,ID-20171209-963179,2017-12-09 02:05:10,SSI-D01220355-XX-YEL,"Devibav Plain Trump Blouse (XXL,Yellow)",1,115000,115000,65365,49635
513,ID-20171209-963179,2017-12-09 02:05:10,SSI-D01037822-XX-BLA,"Dellaya Plain Loose Big Blouse (XXL,Black)",1,115000,115000,74011,40989
512,ID-20171209-415144,2017-12-09 06:11:57,SSI-D01220355-XX-YEL,"Devibav Plain Trump Blouse (XXL,Yellow)",1,130000,130000,65365,64635
511,ID-20171209-549940,2017-12-09 07:42:37,SSI-D01322275-XL-WHI,"Thafqya Plain Raglan Blouse (XL,White)",1,110000,110000,62361,47639
511,ID-20171209-549940,2017-12-09 07:42:37,SSI-D01220307-XL-SAL,"Devibav Plain Trump Blouse (XL,Salem)",1,130000,130000,69047,60953
510,ID-20171209-414655,2017-12-09 10:21:31,SSI-D01326205-MM-NAV,"Siunfhi Ethnic Trump Blouse (M,Navy)",1,115000,115000,75210,39790
510,ID-20171209-414655,2017-12-09 10:21:31,SSI-D01322275-XL-WHI,"Thafqya Plain Raglan Blouse (XL,White)",1,115000,115000,62361,52639
509,ID-20171209-470893,2017-12-09 13:36:14,SSI-D01326201-XL-KHA,"Siunfhi Ethnic Trump Blouse (XL,Khaki)",1,130000,130000,69809,60191
508,ID-20171209-366637,2017-12-09 14:17:19,SSI-D00864612-LL-NAV,"Deklia Plain Casual Blouse (L,Navy)",1,120000,120000,67366,52634
507,ID-20171209-117142,2017-12-09 15:27:02,SSI-D01322275-XL-WHI,"Thafqya Plain Raglan Blouse (XL,White)",1,110000,110000,62361,47639
507,ID-20171209-117142,2017-12-09 15:27:02,SSI-D00791091-XL-BWH,"Zalekia Plain Casual Blouse (XL,Broken White)",1,130000,130000,73324,56676
506,ID-20171209-694435,2017-12-10 00:25:16,SSI-D01037822-XX-BLA,"Dellaya Plain Loose Big Blouse (XXL,Black)",1,110000,110000,74011,35989
505,ID-20171210-211452,2017-12-10 01:30:02,SSI-D01326299-LL-NAV,"Siunfhi Ethnic Trump Blouse (L,Navy)",1,125000,125000,66956,58044
504,ID-20171210-223115,2017-12-10 01:57:36,SSI-D01220334-XL-YEL,"Devibav Plain Trump Blouse (XL,Yellow)",1,125000,125000,71836,53164
504,ID-20171210-223115,2017-12-10 01:57:36,SSI-D01220346-LL-SAL,"Devibav Plain Trump Blouse (L,Salem)",1,120000,120000,71880,48120
503,ID-20171210-211334,2017-12-10 02:59:57,SSI-D00791077-MM-BWH,"Zalekia Plain Casual Blouse (M,Broken White)",1,115000,115000,71855,43145
502,ID-20171210-623168,2017-12-10 03:42:16,SSI-D01322275-XL-WHI,"Thafqya Plain Raglan Blouse (XL,White)",1,120000,120000,62361,57639
501,ID-20171210-706758,2017-12-10 03:43:45,SSI-D01220338-XX-SAL,"Devibav Plain Trump Blouse (XXL,Salem)",1,120000,120000,67300,52700
501,ID-20171210-706758,2017-12-10 03:43:45,SSI-D01220338-XX-SAL,"Devibav Plain Trump Blouse (XXL,Salem)",1,120000,120000,67300,52700
500,ID-20171210-998872,2017-12-10 04:56:13,SSI-D01322275-XL-WHI,"Thafqya Plain Raglan Blouse (XL,White)",1,110000,110000,62361,47639
500,ID-20171210-998872,2017-12-10 04:56:13,SSI-D01326286-LL-KHA,"Siunfhi Ethnic Trump Blouse (L,Khaki)",1,115000,115000,68455,46545
499,ID-20171210-242722,2017-12-10 06:26:30,SSI-D01322275-XL-WHI,"Thafqya Plain Raglan Blouse (XL,White)",1,115000,115000,62361,52639
498,ID-20171210-263520,2017-12-10 07:19:10,SSI-D01220307-XL-SAL,"Devibav Plain Trump Blouse (XL,Salem)",1,120000,120000,69047,50953
497,ID-20171210-225835,2017-12-10 07:34:29,SSI-D01220349-LL-YEL,"Devibav Plain Trump Blouse (L,Yellow)",1,120000,120000,72544,47456
496,ID-20171210-519108,2017-12-10 08:48:21,SSI-D01322234-LL-WHI,"Thafqya Plain Raglan Blouse (L,White)",1,120000,120000,73601,46399
495,ID-20171210-400610,2017-12-10 13:45:39,SSI-D00791077-MM-BWH,"Zalekia Plain Casual Blouse (M,Broken White)",1,120000,120000,71855,48145
495,ID-20171210-400610,2017-12-10 13:45:39,SSI-D01220334-XL-YEL,"Devibav Plain Trump Blouse (XL,Yellow)",1,120000,120000,71836,48164
494,ID-20171210-207290,2017-12-10 15:38:34,SSI-D01322275-XL-WHI,"Thafqya Plain Raglan Blouse (XL,White)",1,125000,125000,62361,62639
494,ID-20171210-207290,2017-12-10 15:38:34,SSI-D00864612-LL-NAV,"Deklia Plain Casual Blouse (L,Navy)",1,125000,125000,67366,57634
493,ID-20171210-679538,2017-12-10 23:40:54,SSI-D00864612-LL-NAV,"Deklia Plain Casual Blouse (L,Navy)",1,130000,130000,67366,62634
492,ID-20171211-859612,2017-12-11 01:46:57,SSI-D01220334-XL-YEL,"Devibav Plain Trump Blouse (XL,Yellow)",1,115000,115000,71836,43164
492,ID-20171211-859612,2017-12-11 01:46:57,SSI-D01220334-XL-YEL,"Devibav Plain Trump Blouse (XL,Yellow)",1,110000,110000,71836,38164
491,ID-20171211-308603,2017-12-11 02:59:10,SSI-D01220355-XX-YEL,"Devibav Plain Trump Blouse (XXL,Yellow)",1,125000,125000,65365,59635
491,ID-20171211-308603,2017-12-11 02:59:10,SSI-D01322234-LL-WHI,"Thafqya Plain Raglan Blouse (L,White)",1,125000,125000,73601,51399
490,ID-20171211-049391,2017-12-11 06:09:20,SSI-D01322275-XL-WHI,"Thafqya Plain Raglan Blouse (XL,White)",1,125000,125000,62361,62639
489,ID-20171211-320616,2017-12-11 06:53:32,SSI-D01220355-XX-YEL,"Devibav Plain Trump Blouse (XXL,Yellow)",1,130000,130000,65365,64635
488,ID-20171211-562949,2017-12-11 09:33:33,SSI-D01220338-XX-SAL,"Devibav Plain Trump Blouse (XXL,Salem)",1,110000,110000,67300,42700
488,ID-20171211-562949,2017-12-11 09:33:33,SSI-D01220388-MM-SAL,"Devibav Plain Trump Blouse (M,Salem)",1,110000,110000,67500,42500
487,ID-20171211-775308,2017-12-11 12:03:56,SSI-D01326205-MM-NAV,"Siunfhi Ethnic Trump Blouse (M,Navy)",1,130000,130000,75210,54790
486,ID-20171211-441814,2017-12-11 13:04:46,SSI-D01220346-LL-SAL,"Devibav Plain Trump Blouse (L,Salem)",1,120000,120000,71880,48120
486,ID-20171211-441814,2017-12-11 13:04:46,SSI-D01326223-MM-KHA,"Siunfhi Ethnic Trump Blouse (M,Khaki)",1,120000,120000,64729,55271
485,ID-20171211-810934,2017-12-11 15:07:51,SSI-D01220388-MM-SAL,"Devibav Plain Trump Blouse (M,Salem)",2,120000,240000,67500,105000
485,ID-20171211-810934,2017-12-11 15:07:51,SSI-D01220346-LL-SAL,"Devibav Plain Trump Blouse (L,Salem)",1,130000,130000,71880,58120
484,ID-20171211-773923,2017-12-11 15:19:53,SSI-D01326299-LL-NAV,"Siunfhi Ethnic Trump Blouse (L,Navy)",1,115000,115000,66956,48044
483,ID-20171212-476888,2017-12-12 00:05:19,SSI-D01220355-XX-YEL,"Devibav Plain Trump Blouse (XXL,Yellow)",1,125000,125000,65365,59635
483,ID-20171212-476888,2017-12-12 00:05:19,SSI-D01322275-XL-WHI,"Thafqya Plain Raglan Blouse (XL,White)",1,130000,130000,62361,67639
482,ID-20171212-709992,2017-12-12 03:01:22,SSI-D01322234-LL-WHI,"Thafqya Plain Raglan Blouse (L,White)",1,120000,120000,73601,46399
481,ID-20171212-901421,2017-12-12 03:56:32,SSI-D01322275-XL-WHI,"Thafqya Plain Raglan Blouse (XL,White)",1,115000,115000,62361,52639
481,ID-20171212-901421,2017-12-12 03:56:32,SSI-D01220349-LL-YEL,"Devibav Plain Trump Blouse (L,Yellow)",1,115000,115000,72544,42456
480,ID-20171212-266273,2017-12-12 05:56:59,SSI-D01322275-XL-WHI,"Thafqya Plain Raglan Blouse (XL,White)",1,120000,120000,62361,57639
480,ID-20171212-266273,2017-12-12 05:56:59,SSI-D01037807-X3-BWH,"Dellaya Plain Loose Big Blouse (XXXL,Broken White)",1,115000,115000,62321,52679
479,ID-20171212-343114,2017-12-12 06:46:51,SSI-D01322275-XL-WHI,"Thafqya Plain Raglan Blouse (XL,White)",1,120000,120000,62361,57639
478,ID-20171212-150134,2017-12-12 09:52:25,SSI-D01322275-XL-WHI,"Thafqya Plain Raglan Blouse (XL,White)",1,125000,125000,62361,62639
477,ID-20171212-151799,2017-12-12 11:48:58,SSI-D01220349-LL-YEL,"Devibav Plain Trump Blouse (L,Yellow)",1,125000,125000,72544,52456
477,ID-20171212-151799,2017-12-12 11:48:58,SSI-D00791077-MM-BWH,"Zalekia Plain Casual Blouse (M,Broken White)",1,130000,130000,71855,58145
476,ID-20171212-879316,2017-12-12 13:04:14,SSI-D01037812-X3-BLA,"Dellaya Plain Loose Big Blouse (XXXL,Black)",1,115000,115000,67979,47021
476,ID-20171212-879316,2017-12-12 13:04:14,SSI-D01322275-XL-WHI,"Thafqya Plain Raglan Blouse (XL,White)",1,125000,125000,62361,62639
475,ID-20171212-921674,2017-12-12 15:07:15,SSI-D01220346-LL-SAL,"Devibav Plain Trump Blouse (L,Salem)",1,120000,120000,71880,48120
474,ID-20171212-941567,2017-12-12 15:58:55,SSI-D01220349-LL-YEL,"Devibav Plain Trump Blouse (L,Yellow)",1,115000,115000,72544,42456
473,ID-20171212-433082,2017-12-12 16:58:53,SSI-D01322234-LL-WHI,"Thafqya Plain Raglan Blouse (L,White)",1,130000,130000,73601,56399
472,ID-20171212-002368,2017-12-12 17:23:09,SSI-D01220357-SS-YEL,"Devibav Plain Trump Blouse (S,Yellow)",1,110000,110000,63651,46349
472,ID-20171212-002368,2017-12-12 17:23:09,SSI-D01326223-MM-KHA,"Siunfhi Ethnic Trump Blouse (M,Khaki)",1,115000,115000,64729,50271
471,ID-20171212-982022,2017-12-12 23:51:57,SSI-D01220357-SS-YEL,"Devibav Plain Trump Blouse (S,Yellow)",1,130000,130000,63651,66349
470,ID-20171213-254413,2017-12-13 00:35:51,SSI-D01220349-LL-YEL,"Devibav Plain Trump Blouse (L,Yellow)",1,110000,110000,72544,37456
469,ID-20171213-360992,2017-12-13 01:21:45,SSI-D01326299-LL-NAV,"Siunfhi Ethnic Trump Blouse (L,Navy)",1,115000,115000,66956,48044
469,ID-20171213-360992,2017-12-13 01:21:45,SSI-D01326205-MM-NAV,"Siunfhi Ethnic Trump Blouse (M,Navy)",1,130000,130000,75210,54790
468,ID-20171213-233329,2017-12-13 02:42:26,SSI-D01220322-MM-YEL,"Devibav Plain Trump Blouse (M,Yellow)",1,130000,130000,67667,62333
468,ID-20171213-233329,2017-12-13 02:42:26,SSI-D01220338-XX-SAL,"Devibav Plain Trump Blouse (XXL,Salem)",1,125000,125000,67300,57700
467,ID-20171213-326932,2017-12-13 03:22:02,SSI-D01220322-MM-YEL,"Devibav Plain Trump Blouse (M,Yellow)",1,130000,130000,67667,62333
466,ID-20171213-043945,2017-12-13 03:40:00,SSI-D01322234-LL-WHI,"Thafqya Plain Raglan Blouse (L,White)",1,110000,110000,73601,36399
465,ID-20171213-381835,2017-12-13 03:46:45,SSI-D01220349-LL-YEL,"Devibav Plain Trump Blouse (L,Yellow)",1,120000,120000,72544,47456
464,ID-20171213-208123,2017-12-13 03:56:00,SSI-D01322234-LL-WHI,"Thafqya Plain Raglan Blouse (L,White)",1,125000,125000,73601,51399
464,ID-20171213-208123,2017-12-13 03:56:00,SSI-D01322275-XL-WHI,"Thafqya Plain Raglan Blouse (XL,White)",1,115000,115000,62361,52639
463,ID-20171213-419029,2017-12-13 05:12:12,SSI-D01220355-XX-YEL,"Devibav Plain Trump Blouse (XXL,Yellow)",1,120000,120000,65365,54635
463,ID-20171213-419029,2017-12-13 05:12:12,SSI-D01322275-XL-WHI,"Thafqya Plain Raglan Blouse (XL,White)",1,130000,130000,62361,67639
462,ID-20171213-330565,2017-12-13 05:43:00,SSI-D01220355-XX-YEL,"Devibav Plain Trump Blouse (XXL,Yellow)",1,115000,115000,65365,49635
462,ID-20171213-330565,2017-12-13 05:43:00,SSI-D01322275-XL-WHI,"Thafqya Plain Raglan Blouse (XL,White)",1,120000,120000,62361,57639
461,ID-20171213-345231,2017-12-13 06:48:24,SSI-D00791077-MM-BWH,"Zalekia Plain Casual Blouse (M,Broken White)",1,125000,125000,71855,53145
460,ID-20171213-884747,2017-12-13 07:26:33,SSI-D01220355-XX-YEL,"Devibav Plain Trump Blouse (XXL,Yellow)",1,115000,115000,65365,49635
459,ID-20171213-229954,2017-12-13 11:28:31,SSI-D01322275-XL-WHI,"Thafqya Plain Raglan Blouse (XL,White)",1,130000,130000,62361,67639
458,ID-20171213-173120,2017-12-13 12:28:40,SSI-D01466013-XX-BLA,"Salyara Plain Casual Big Blouse (XXL,Black)",1,130000,130000,78270,51730
457,ID-20171213-634060,2017-12-13 14:08:18,SSI-D01322275-XL-WHI,"Thafqya Plain Raglan Blouse (XL,White)",1,110000,110000,62361,47639
456,ID-20171213-766398,2017-12-13 16:16:16,SSI-D01326286-LL-KHA,"Siunfhi Ethnic Trump Blouse (L,Khaki)",1,120000,120000,68455,51545
456,ID-20171213-766398,2017-12-13 16:16:16,SSI-D01322234-LL-WHI,"Thafqya Plain Raglan Blouse (L,White)",1,125000,125000,73601,51399
455,ID-20171214-335935,2017-12-14 00:31:36,SSI-D01037812-X3-BLA,"Dellaya Plain Loose Big Blouse (XXXL,Black)",1,130000,130000,67979,62021
454,ID-20171214-340432,2017-12-14 02:15:19,SSI-D01220338-XX-SAL,"Devibav Plain Trump Blouse (XXL,Salem)",1,130000,130000,67300,62700
453,ID-20171214-612125,2017-12-14 02:44:45,SSI-D01037812-X3-BLA,"Dellaya Plain Loose Big Blouse (XXXL,Black)",1,120000,120000,67979,52021
452,ID-20171214-146467,2017-12-14 03:09:23,SSI-D01220322-MM-YEL,"Devibav Plain Trump Blouse (M,Yellow)",1,130000,130000,67667,62333
452,ID-20171214-146467,2017-12-14 03:09:23,SSI-D01322275-XL-WHI,"Thafqya Plain Raglan Blouse (XL,White)",1,115000,115000,62361,52639
451,ID-20171214-231684,2017-12-14 03:52:30,SSI-D01220388-MM-SAL,"Devibav Plain Trump Blouse (M,Salem)",1,110000,110000,67500,42500
451,ID-20171214-231684,2017-12-14 03:52:30,SSI-D01220355-XX-YEL,"Devibav Plain Trump Blouse (XXL,Yellow)",1,115000,115000,65365,49635
450,ID-20171214-516515,2017-12-14 05:17:02,SSI-D01220349-LL-YEL,"Devibav Plain Trump Blouse (L,Yellow)",1,125000,125000,72544,52456
449,ID-20171214-291606,2017-12-14 05:33:08,SSI-D01322234-LL-WHI,"Thafqya Plain Raglan Blouse (L,White)",1,130000,130000,73601,56399
448,ID-20171214-127713,2017-12-14 06:31:52,SSI-D01220349-LL-YEL,"Devibav Plain Trump Blouse (L,Yellow)",1,115000,115000,72544,42456
447,ID-20171214-791560,2017-12-14 07:56:48,SSI-D01220307-XL-SAL,"Devibav Plain Trump Blouse (XL,Salem)",1,110000,110000,69047,40953
446,ID-20171214-238320,2017-12-14 13:24:55,SSI-D01220334-XL-YEL,"Devibav Plain Trump Blouse (XL,Yellow)",1,125000,125000,71836,53164
445,ID-20171214-546249,2017-12-14 15:10:28,SSI-D01322234-LL-WHI,"Thafqya Plain Raglan Blouse (L,White)",1,120000,120000,73601,46399
444,ID-20171214-576704,2017-12-14 15:11:01,SSI-D00864661-MM-NAV,"Deklia Plain Casual Blouse (M,Navy)",1,130000,130000,72962,57038
443,ID-20171214-246284,2017-12-14 16:32:58,SSI-D01220338-XX-SAL,"Devibav Plain Trump Blouse (XXL,Salem)",1,110000,110000,67300,42700
443,ID-20171214-246284,2017-12-14 16:32:58,SSI-D01322234-LL-WHI,"Thafqya Plain Raglan Blouse (L,White)",1,130000,130000,73601,56399
442,ID-20171214-322449,2017-12-14 22:59:45,SSI-D01220334-XL-YEL,"Devibav Plain Trump Blouse (XL,Yellow)",1,130000,130000,71836,58164
441,ID-20171215-958999,2017-12-15 00:11:34,SSI-D01220322-MM-YEL,"Devibav Plain Trump Blouse (M,Yellow)",1,125000,125000,67667,57333
441,ID-20171215-958999,2017-12-15 00:11:34,SSI-D01220307-XL-SAL,"Devibav Plain Trump Blouse (XL,Salem)",1,130000,130000,69047,60953
440,ID-20171215-520833,2017-12-15 01:25:10,SSI-D01037807-X3-BWH,"Dellaya Plain Loose Big Blouse (XXXL,Broken White)",1,120000,120000,62321,57679
440,ID-20171215-520833,2017-12-15 01:25:10,SSI-D01220355-XX-YEL,"Devibav Plain Trump Blouse (XXL,Yellow)",1,120000,120000,65365,54635
439,ID-20171215-405846,2017-12-15 02:16:42,SSI-D01220307-XL-SAL,"Devibav Plain Trump Blouse (XL,Salem)",1,120000,120000,69047,50953
439,ID-20171215-405846,2017-12-15 02:16:42,SSI-D01466064-X3-BLA,"Salyara Plain Casual Big Blouse (XXXL,Black)",1,110000,110000,70072,39928
438,ID-20171215-499818,2017-12-15 02:54:45,SSI-D01220388-MM-SAL,"Devibav Plain Trump Blouse (M,Salem)",1,125000,125000,67500,57500
437,ID-20171215-005918,2017-12-15 03:27:13,SSI-D00864661-MM-NAV,"Deklia Plain Casual Blouse (M,Navy)",1,115000,115000,72962,42038
436,ID-20171215-708748,2017-12-15 04:29:51,SSI-D01322275-XL-WHI,"Thafqya Plain Raglan Blouse (XL,White)",1,115000,115000,62361,52639
435,ID-20171215-003194,2017-12-15 04:52:52,SSI-D01220346-LL-SAL,"Devibav Plain Trump Blouse (L,Salem)",1,110000,110000,71880,38120
434,ID-20171215-498680,2017-12-15 06:05:02,SSI-D01220349-LL-YEL,"Devibav Plain Trump Blouse (L,Yellow)",1,125000,125000,72544,52456
433,ID-20171215-897769,2017-12-15 08:07:07,SSI-D01220346-LL-SAL,"Devibav Plain Trump Blouse (L,Salem)",1,115000,115000,71880,43120
432,ID-20171215-798129,2017-12-15 08:21:30,SSI-D01326299-LL-NAV,"Siunfhi Ethnic Trump Blouse (L,Navy)",1,115000,115000,66956,48044
432,ID-20171215-798129,2017-12-15 08:21:30,SSI-D01220334-XL-YEL,"Devibav Plain Trump Blouse (XL,Yellow)",1,120000,120000,71836,48164
431,ID-20171215-651131,2017-12-15 11:40:10,SSI-D01326223-MM-KHA,"Siunfhi Ethnic Trump Blouse (M,Khaki)",1,130000,130000,64729,65271
431,ID-20171215-651131,2017-12-15 11:40:10,SSI-D01037822-XX-BLA,"Dellaya Plain Loose Big Blouse (XXL,Black)",1,115000,115000,74011,40989
430,ID-20171215-038051,2017-12-15 12:50:13,SSI-D01322275-XL-WHI,"Thafqya Plain Raglan Blouse (XL,White)",1,110000,110000,62361,47639
429,ID-20171215-993104,2017-12-15 13:44:44,SSI-D01037812-X3-BLA,"Dellaya Plain Loose Big Blouse (XXXL,Black)",1,115000,115000,67979,47021
428,ID-20171215-256361,2017-12-15 15:41:10,SSI-D01220388-MM-SAL,"Devibav Plain Trump Blouse (M,Salem)",1,115000,115000,67500,47500
427,ID-20171215-081978,2017-12-15 21:00:59,SSI-D01220334-XL-YEL,"Devibav Plain Trump Blouse (XL,Yellow)",1,125000,125000,71836,53164
426,ID-20171215-071979,2017-12-15 23:29:04,SSI-D00791091-XL-BWH,"Zalekia Plain Casual Blouse (XL,Broken White)",1,110000,110000,73324,36676
426,ID-20171215-071979,2017-12-15 23:29:04,SSI-D01322234-LL-WHI,"Thafqya Plain Raglan Blouse (L,White)",1,130000,130000,73601,56399
425,ID-20171216-173902,2017-12-16 00:30:54,SSI-D01322275-XL-WHI,"Thafqya Plain Raglan Blouse (XL,White)",1,110000,110000,62361,47639
425,ID-20171216-173902,2017-12-16 00:30:54,SSI-D01220388-MM-SAL,"Devibav Plain Trump Blouse (M,Salem)",1,110000,110000,67500,42500
424,ID-20171216-310476,2017-12-16 00:49:27,SSI-D01322234-LL-WHI,"Thafqya Plain Raglan Blouse (L,White)",1,110000,110000,73601,36399
423,ID-20171216-168075,2017-12-16 02:18:51,SSI-D00864661-MM-NAV,"Deklia Plain Casual Blouse (M,Navy)",1,120000,120000,72962,47038
422,ID-20171216-098546,2017-12-16 03:11:43,SSI-D01326299-LL-NAV,"Siunfhi Ethnic Trump Blouse (L,Navy)",1,120000,120000,66956,53044
422,ID-20171216-098546,2017-12-16 03:11:43,SSI-D01220322-MM-YEL,"Devibav Plain Trump Blouse (M,Yellow)",1,115000,115000,67667,47333
421,ID-20171216-529237,2017-12-16 06:37:31,SSI-D01037812-X3-BLA,"Dellaya Plain Loose Big Blouse (XXXL,Black)",1,120000,120000,67979,52021
420,ID-20171216-141192,2017-12-16 07:01:30,SSI-D00864612-LL-NAV,"Deklia Plain Casual Blouse (L,Navy)",1,130000,130000,67366,62634
419,ID-20171216-904144,2017-12-16 07:09:06,SSI-D01220307-XL-SAL,"Devibav Plain Trump Blouse (XL,Salem)",1,130000,130000,69047,60953
418,ID-20171216-375599,2017-12-16 07:50:06,SSI-D01220346-LL-SAL,"Devibav Plain Trump Blouse (L,Salem)",1,120000,120000,71880,48120
417,ID-20171216-851929,2017-12-16 08:01:53,SSI-D01220346-LL-SAL,"Devibav Plain Trump Blouse (L,Salem)",1,115000,115000,71880,43120
416,ID-20171216-723615,2017-12-16 08:09:14,SSI-D00864661-MM-NAV,"Deklia Plain Casual Blouse (M,Navy)",1,125000,125000,72962,52038
415,ID-20171216-545720,2017-12-16 08:17:41,SSI-D01322234-LL-WHI,"Thafqya Plain Raglan Blouse (L,White)",1,115000,115000,73601,41399
414,ID-20171216-305522,2017-12-16 08:36:06,SSI-D01326286-LL-KHA,"Siunfhi Ethnic Trump Blouse (L,Khaki)",1,110000,110000,68455,41545
413,ID-20171216-607457,2017-12-16 08:48:58,SSI-D01220388-MM-SAL,"Devibav Plain Trump Blouse (M,Salem)",1,110000,110000,67500,42500
413,ID-20171216-607457,2017-12-16 08:48:58,SSI-D01322234-LL-WHI,"Thafqya Plain Raglan Blouse (L,White)",1,130000,130000,73601,56399
412,ID-20171216-794522,2017-12-16 09:22:53,SSI-D01220322-MM-YEL,"Devibav Plain Trump Blouse (M,Yellow)",1,125000,125000,67667,57333
411,ID-20171216-158483,2017-12-16 10:26:19,SSI-D01326299-LL-NAV,"Siunfhi Ethnic Trump Blouse (L,Navy)",1,125000,125000,66956,58044
410,ID-20171216-918194,2017-12-16 11:13:09,SSI-D00864612-LL-NAV,"Deklia Plain Casual Blouse (L,Navy)",1,110000,110000,67366,42634
410,ID-20171216-918194,2017-12-16 11:13:09,SSI-D00864652-SS-NAV,"Deklia Plain Casual Blouse (S,Navy)",1,115000,115000,71625,43375
409,ID-20171216-329896,2017-12-16 11:59:37,SSI-D01322275-XL-WHI,"Thafqya Plain Raglan Blouse (XL,White)",1,120000,120000,62361,57639
408,ID-20171216-824257,2017-12-16 12:00:35,SSI-D01220307-XL-SAL,"Devibav Plain Trump Blouse (XL,Salem)",1,110000,110000,69047,40953
408,ID-20171216-824257,2017-12-16 12:00:35,SSI-D00864652-SS-NAV,"Deklia Plain Casual Blouse (S,Navy)",1,110000,110000,71625,38375
407,ID-20171216-684905,2017-12-16 13:02:25,SSI-D00864652-SS-NAV,"Deklia Plain Casual Blouse (S,Navy)",1,130000,130000,71625,58375
406,ID-20171216-722557,2017-12-16 15:02:26,SSI-D01220346-LL-SAL,"Devibav Plain Trump Blouse (L,Salem)",1,115000,115000,71880,43120
405,ID-20171216-309410,2017-12-16 15:02:38,SSI-D00791015-LL-BWH,"Zalekia Plain Casual Blouse (L,Broken White)",1,115000,115000,70448,44552
404,ID-20171216-711419,2017-12-16 22:42:58,SSI-D00864612-LL-NAV,"Deklia Plain Casual Blouse (L,Navy)",1,115000,115000,67366,47634
403,ID-20171216-720224,2017-12-16 22:45:18,SSI-D01220338-XX-SAL,"Devibav Plain Trump Blouse (XXL,Salem)",1,115000,115000,67300,47700
402,ID-20171216-240045,2017-12-16 22:51:41,SSI-D00791091-XL-BWH,"Zalekia Plain Casual Blouse (XL,Broken White)",1,115000,115000,73324,41676
401,ID-20171216-974062,2017-12-16 23:30:33,SSI-D01220349-LL-YEL,"Devibav Plain Trump Blouse (L,Yellow)",1,130000,130000,72544,57456
400,ID-20171216-174197,2017-12-16 23:53:32,SSI-D01220307-XL-SAL,"Devibav Plain Trump Blouse (XL,Salem)",1,125000,125000,69047,55953
399,ID-20171217-167483,2017-12-17 02:03:15,SSI-D01220334-XL-YEL,"Devibav Plain Trump Blouse (XL,Yellow)",1,130000,130000,71836,58164
398,ID-20171217-480014,2017-12-17 05:38:00,SSI-D01322275-XL-WHI,"Thafqya Plain Raglan Blouse (XL,White)",1,125000,125000,62361,62639
397,ID-20171217-885027,2017-12-17 07:13:04,SSI-D01037822-XX-BLA,"Dellaya Plain Loose Big Blouse (XXL,Black)",1,130000,130000,74011,55989
396,ID-20171217-819899,2017-12-17 08:19:05,SSI-D01322275-XL-WHI,"Thafqya Plain Raglan Blouse (XL,White)",1,125000,125000,62361,62639
396,ID-20171217-819899,2017-12-17 08:19:05,SSI-D01220334-XL-YEL,"Devibav Plain Trump Blouse (XL,Yellow)",1,120000,120000,71836,48164
395,ID-20171217-361852,2017-12-17 08:59:12,SSI-D00864614-XL-NAV,"Deklia Plain Casual Blouse (XL,Navy)",1,120000,120000,65561,54439
394,ID-20171217-463725,2017-12-17 09:57:48,SSI-D01220307-XL-SAL,"Devibav Plain Trump Blouse (XL,Salem)",1,115000,115000,69047,45953
393,ID-20171217-479585,2017-12-17 10:08:38,SSI-D01037822-XX-BLA,"Dellaya Plain Loose Big Blouse (XXL,Black)",1,110000,110000,74011,35989
392,ID-20171217-327498,2017-12-17 10:12:22,SSI-D01220322-MM-YEL,"Devibav Plain Trump Blouse (M,Yellow)",1,115000,115000,67667,47333
392,ID-20171217-327498,2017-12-17 10:12:22,SSI-D01220355-XX-YEL,"Devibav Plain Trump Blouse (XXL,Yellow)",1,120000,120000,65365,54635
391,ID-20171217-942516,2017-12-17 10:56:26,SSI-D01322234-LL-WHI,"Thafqya Plain Raglan Blouse (L,White)",1,130000,130000,73601,56399
390,ID-20171217-010440,2017-12-17 12:02:29,SSI-D01220338-XX-SAL,"Devibav Plain Trump Blouse (XXL,Salem)",2,130000,260000,67300,125400
389,ID-20171217-374208,2017-12-17 12:02:52,SSI-D00864612-LL-NAV,"Deklia Plain Casual Blouse (L,Navy)",1,125000,125000,67366,57634
388,ID-20171217-599203,2017-12-17 12:55:09,SSI-D01220334-XL-YEL,"Devibav Plain Trump Blouse (XL,Yellow)",1,120000,120000,71836,48164
387,ID-20171217-819059,2017-12-17 14:00:42,SSI-D00864661-MM-NAV,"Deklia Plain Casual Blouse (M,Navy)",1,115000,115000,72962,42038
387,ID-20171217-819059,2017-12-17 14:00:42,SSI-D01322234-LL-WHI,"Thafqya Plain Raglan Blouse (L,White)",1,120000,120000,73601,46399
386,ID-20171217-042229,2017-12-17 14:29:01,SSI-D01220338-XX-SAL,"Devibav Plain Trump Blouse (XXL,Salem)",1,120000,120000,67300,52700
385,ID-20171217-488414,2017-12-17 14:59:48,SSI-D01037812-X3-BLA,"Dellaya Plain Loose Big Blouse (XXXL,Black)",1,125000,125000,67979,57021
384,ID-20171217-811086,2017-12-17 15:10:52,SSI-D01322275-XL-WHI,"Thafqya Plain Raglan Blouse (XL,White)",1,120000,120000,62361,57639
383,ID-20171217-643005,2017-12-17 15:19:21,SSI-D00864652-SS-NAV,"Deklia Plain Casual Blouse (S,Navy)",1,125000,125000,71625,53375
382,ID-20171217-648198,2017-12-17 16:39:07,SSI-D00791015-LL-BWH,"Zalekia Plain Casual Blouse (L,Broken White)",1,110000,110000,70448,39552
382,ID-20171217-648198,2017-12-17 16:39:07,SSI-D00864661-MM-NAV,"Deklia Plain Casual Blouse (M,Navy)",1,130000,130000,72962,57038
381,ID-20171217-255703,2017-12-17 23:20:25,SSI-D01220349-LL-YEL,"Devibav Plain Trump Blouse (L,Yellow)",1,130000,130000,72544,57456
380,ID-20171218-987578,2017-12-18 03:04:03,SSI-D01322234-LL-WHI,"Thafqya Plain Raglan Blouse (L,White)",1,115000,115000,73601,41399
379,ID-20171218-760425,2017-12-18 03:47:57,SSI-D01322275-XL-WHI,"Thafqya Plain Raglan Blouse (XL,White)",1,130000,130000,62361,67639
379,ID-20171218-760425,2017-12-18 03:47:57,SSI-D01037822-XX-BLA,"Dellaya Plain Loose Big Blouse (XXL,Black)",1,120000,120000,74011,45989
378,ID-20171218-641873,2017-12-18 04:04:10,SSI-D01322275-XL-WHI,"Thafqya Plain Raglan Blouse (XL,White)",1,110000,110000,62361,47639
377,ID-20171218-867678,2017-12-18 04:35:40,SSI-D01322234-LL-WHI,"Thafqya Plain Raglan Blouse (L,White)",1,115000,115000,73601,41399
376,ID-20171218-494264,2017-12-18 05:58:14,SSI-D00864652-SS-NAV,"Deklia Plain Casual Blouse (S,Navy)",1,130000,130000,71625,58375
375,ID-20171218-501011,2017-12-18 13:30:09,SSI-D00864661-MM-NAV,"Deklia Plain Casual Blouse (M,Navy)",1,125000,125000,72962,52038
374,ID-20171218-939838,2017-12-18 15:11:23,SSI-D01220388-MM-SAL,"Devibav Plain Trump Blouse (M,Salem)",1,125000,125000,67500,57500
374,ID-20171218-939838,2017-12-18 15:11:23,SSI-D01220349-LL-YEL,"Devibav Plain Trump Blouse (L,Yellow)",1,110000,110000,72544,37456
373,ID-20171218-003168,2017-12-18 17:30:10,SSI-D01037822-XX-BLA,"Dellaya Plain Loose Big Blouse (XXL,Black)",1,115000,115000,74011,40989
372,ID-20171218-178794,2017-12-18 21:07:24,SSI-D00864614-XL-NAV,"Deklia Plain Casual Blouse (XL,Navy)",1,130000,130000,65561,64439
371,ID-20171218-458154,2017-12-18 22:53:26,SSI-D01037822-XX-BLA,"Dellaya Plain Loose Big Blouse (XXL,Black)",1,130000,130000,74011,55989
371,ID-20171218-458154,2017-12-18 22:53:26,SSI-D01322275-XL-WHI,"Thafqya Plain Raglan Blouse (XL,White)",1,130000,130000,62361,67639
370,ID-20171219-877017,2017-12-19 00:30:00,SSI-D01326299-LL-NAV,"Siunfhi Ethnic Trump Blouse (L,Navy)",1,120000,120000,66956,53044
370,ID-20171219-877017,2017-12-19 00:30:00,SSI-D01326205-MM-NAV,"Siunfhi Ethnic Trump Blouse (M,Navy)",1,130000,130000,75210,54790
369,ID-20171219-006660,2017-12-19 00:45:07,SSI-D01322275-XL-WHI,"Thafqya Plain Raglan Blouse (XL,White)",1,110000,110000,62361,47639
368,ID-20171219-820190,2017-12-19 02:24:04,SSI-D01322234-LL-WHI,"Thafqya Plain Raglan Blouse (L,White)",1,125000,125000,73601,51399
367,ID-20171219-407650,2017-12-19 02:30:02,SSI-D00864661-MM-NAV,"Deklia Plain Casual Blouse (M,Navy)",1,125000,125000,72962,52038
367,ID-20171219-407650,2017-12-19 02:30:02,SSI-D01326205-MM-NAV,"Siunfhi Ethnic Trump Blouse (M,Navy)",1,120000,120000,75210,44790
366,ID-20171219-991877,2017-12-19 04:24:43,SSI-D01326201-XL-KHA,"Siunfhi Ethnic Trump Blouse (XL,Khaki)",1,130000,130000,69809,60191
365,ID-20171219-660663,2017-12-19 05:22:27,SSI-D01401050-MM-RED,"Zeomila Zipper Casual Blouse (M,Red)",1,130000,130000,70884,59116
364,ID-20171219-325440,2017-12-19 05:29:11,SSI-D01322234-LL-WHI,"Thafqya Plain Raglan Blouse (L,White)",1,130000,130000,73601,56399
363,ID-20171219-541851,2017-12-19 06:32:39,SSI-D00864661-MM-NAV,"Deklia Plain Casual Blouse (M,Navy)",1,110000,110000,72962,37038
363,ID-20171219-541851,2017-12-19 06:32:39,SSI-D00864661-MM-NAV,"Deklia Plain Casual Blouse (M,Navy)",1,130000,130000,72962,57038
362,ID-20171219-728779,2017-12-19 08:42:08,SSI-D01220388-MM-SAL,"Devibav Plain Trump Blouse (M,Salem)",1,110000,110000,67500,42500
362,ID-20171219-728779,2017-12-19 08:42:08,SSI-D01220338-XX-SAL,"Devibav Plain Trump Blouse (XXL,Salem)",1,110000,110000,67300,42700
361,ID-20171219-616023,2017-12-19 11:37:39,SSI-D01220334-XL-YEL,"Devibav Plain Trump Blouse (XL,Yellow)",1,120000,120000,71836,48164
360,ID-20171219-018427,2017-12-19 11:50:53,SSI-D01220334-XL-YEL,"Devibav Plain Trump Blouse (XL,Yellow)",1,120000,120000,71836,48164
359,ID-20171219-756806,2017-12-19 11:52:31,SSI-D00864652-SS-NAV,"Deklia Plain Casual Blouse (S,Navy)",1,120000,120000,71625,48375
359,ID-20171219-756806,2017-12-19 11:52:31,SSI-D01037812-X3-BLA,"Dellaya Plain Loose Big Blouse (XXXL,Black)",1,125000,125000,67979,57021
358,ID-20171219-545007,2017-12-19 14:36:59,SSI-D01220357-SS-YEL,"Devibav Plain Trump Blouse (S,Yellow)",1,120000,120000,63651,56349
357,ID-20171219-954395,2017-12-19 15:24:24,SSI-D01220355-XX-YEL,"Devibav Plain Trump Blouse (XXL,Yellow)",1,110000,110000,65365,44635
356,ID-20171219-108570,2017-12-19 15:55:46,SSI-D01220388-MM-SAL,"Devibav Plain Trump Blouse (M,Salem)",1,120000,120000,67500,52500
355,ID-20171219-002301,2017-12-19 16:03:54,SSI-D01037822-XX-BLA,"Dellaya Plain Loose Big Blouse (XXL,Black)",1,120000,120000,74011,45989
355,ID-20171219-002301,2017-12-19 16:03:54,SSI-D01326201-XL-KHA,"Siunfhi Ethnic Trump Blouse (XL,Khaki)",1,130000,130000,69809,60191
354,ID-20171219-712414,2017-12-19 18:32:25,SSI-D00864612-LL-NAV,"Deklia Plain Casual Blouse (L,Navy)",1,120000,120000,67366,52634
353,ID-20171219-149311,2017-12-19 20:01:17,SSI-D01220357-SS-YEL,"Devibav Plain Trump Blouse (S,Yellow)",1,125000,125000,63651,61349
352,ID-20171219-609793,2017-12-19 23:19:12,SSI-D01220334-XL-YEL,"Devibav Plain Trump Blouse (XL,Yellow)",1,130000,130000,71836,58164
351,ID-20171220-958439,2017-12-20 00:39:22,SSI-D01220322-MM-YEL,"Devibav Plain Trump Blouse (M,Yellow)",1,115000,115000,67667,47333
350,ID-20171220-008321,2017-12-20 02:07:30,SSI-D01401050-MM-RED,"Zeomila Zipper Casual Blouse (M,Red)",1,110000,110000,70884,39116
350,ID-20171220-008321,2017-12-20 02:07:30,SSI-D01322234-LL-WHI,"Thafqya Plain Raglan Blouse (L,White)",1,115000,115000,73601,41399
349,ID-20171220-308624,2017-12-20 04:01:28,SSI-D01326201-XL-KHA,"Siunfhi Ethnic Trump Blouse (XL,Khaki)",1,110000,110000,69809,40191
348,ID-20171220-645545,2017-12-20 05:22:31,SSI-D01326286-LL-KHA,"Siunfhi Ethnic Trump Blouse (L,Khaki)",1,120000,120000,68455,51545
348,ID-20171220-645545,2017-12-20 05:22:31,SSI-D00864614-XL-NAV,"Deklia Plain Casual Blouse (XL,Navy)",1,120000,120000,65561,54439
347,ID-20171220-883650,2017-12-20 05:32:35,SSI-D01326205-MM-NAV,"Siunfhi Ethnic Trump Blouse (M,Navy)",1,115000,115000,75210,39790
346,ID-20171220-117153,2017-12-20 06:10:04,SSI-D01322275-XL-WHI,"Thafqya Plain Raglan Blouse (XL,White)",1,115000,115000,62361,52639
345,ID-20171220-398590,2017-12-20 06:15:10,SSI-D01322234-LL-WHI,"Thafqya Plain Raglan Blouse (L,White)",1,130000,130000,73601,56399
344,ID-20171220-618461,2017-12-20 06:25:13,SSI-D00864612-LL-NAV,"Deklia Plain Casual Blouse (L,Navy)",1,115000,115000,67366,47634
343,ID-20171220-176077,2017-12-20 06:45:13,SSI-D00864652-SS-NAV,"Deklia Plain Casual Blouse (S,Navy)",2,110000,220000,71625,76750
342,ID-20171220-259571,2017-12-20 08:30:55,SSI-D01037812-X3-BLA,"Dellaya Plain Loose Big Blouse (XXXL,Black)",1,130000,130000,67979,62021
341,ID-20171220-474418,2017-12-20 08:41:03,SSI-D01037822-XX-BLA,"Dellaya Plain Loose Big Blouse (XXL,Black)",1,125000,125000,74011,50989
340,ID-20171220-821953,2017-12-20 09:07:51,SSI-D00864661-MM-NAV,"Deklia Plain Casual Blouse (M,Navy)",1,115000,115000,72962,42038
339,ID-20171220-471568,2017-12-20 09:11:12,SSI-D00864612-LL-NAV,"Deklia Plain Casual Blouse (L,Navy)",1,125000,125000,67366,57634
338,ID-20171220-834180,2017-12-20 09:33:03,SSI-D01220355-XX-YEL,"Devibav Plain Trump Blouse (XXL,Yellow)",1,120000,120000,65365,54635
338,ID-20171220-834180,2017-12-20 09:33:03,SSI-D01220334-XL-YEL,"Devibav Plain Trump Blouse (XL,Yellow)",1,110000,110000,71836,38164
337,ID-20171220-592432,2017-12-20 11:20:17,SSI-D00864612-LL-NAV,"Deklia Plain Casual Blouse (L,Navy)",1,120000,120000,67366,52634
336,ID-20171220-375445,2017-12-20 12:35:08,SSI-D01220307-XL-SAL,"Devibav Plain Trump Blouse (XL,Salem)",1,110000,110000,69047,40953
336,ID-20171220-375445,2017-12-20 12:35:08,SSI-D01220338-XX-SAL,"Devibav Plain Trump Blouse (XXL,Salem)",1,115000,115000,67300,47700
335,ID-20171220-078425,2017-12-20 12:42:27,SSI-D01220307-XL-SAL,"Devibav Plain Trump Blouse (XL,Salem)",1,110000,110000,69047,40953
334,ID-20171220-047639,2017-12-20 13:01:36,SSI-D00864652-SS-NAV,"Deklia Plain Casual Blouse (S,Navy)",1,110000,110000,71625,38375
334,ID-20171220-047639,2017-12-20 13:01:36,SSI-D01322275-XL-WHI,"Thafqya Plain Raglan Blouse (XL,White)",1,125000,125000,62361,62639
333,ID-20171220-815765,2017-12-20 14:40:42,SSI-D01322234-LL-WHI,"Thafqya Plain Raglan Blouse (L,White)",1,130000,130000,73601,56399
332,ID-20171220-490544,2017-12-20 23:34:17,SSI-D00864614-XL-NAV,"Deklia Plain Casual Blouse (XL,Navy)",1,120000,120000,65561,54439
331,ID-20171220-099630,2017-12-21 01:33:13,SSI-D00864652-SS-NAV,"Deklia Plain Casual Blouse (S,Navy)",1,130000,130000,71625,58375
330,ID-20171221-968892,2017-12-21 01:49:46,SSI-D00864612-LL-NAV,"Deklia Plain Casual Blouse (L,Navy)",1,110000,110000,67366,42634
329,ID-20171221-401370,2017-12-21 02:01:32,SSI-D01220334-XL-YEL,"Devibav Plain Trump Blouse (XL,Yellow)",1,125000,125000,71836,53164
329,ID-20171221-401370,2017-12-21 02:01:32,SSI-D01322275-XL-WHI,"Thafqya Plain Raglan Blouse (XL,White)",1,125000,125000,62361,62639
328,ID-20171221-127970,2017-12-21 03:03:04,SSI-D01326201-XL-KHA,"Siunfhi Ethnic Trump Blouse (XL,Khaki)",1,130000,130000,69809,60191
327,ID-20171221-438382,2017-12-21 03:29:04,SSI-D00864661-MM-NAV,"Deklia Plain Casual Blouse (M,Navy)",1,115000,115000,72962,42038
326,ID-20171221-556617,2017-12-21 03:37:46,SSI-D01322234-LL-WHI,"Thafqya Plain Raglan Blouse (L,White)",1,120000,120000,73601,46399
325,ID-20171221-489943,2017-12-21 04:20:43,SSI-D01322234-LL-WHI,"Thafqya Plain Raglan Blouse (L,White)",1,125000,125000,73601,51399
324,ID-20171221-591867,2017-12-21 04:56:10,SSI-D00864652-SS-NAV,"Deklia Plain Casual Blouse (S,Navy)",1,125000,125000,71625,53375
324,ID-20171221-591867,2017-12-21 04:56:10,SSI-D01220355-XX-YEL,"Devibav Plain Trump Blouse (XXL,Yellow)",1,125000,125000,65365,59635
323,ID-20171221-416618,2017-12-21 05:20:17,SSI-D00791077-MM-BWH,"Zalekia Plain Casual Blouse (M,Broken White)",1,110000,110000,71855,38145
322,ID-20171221-862259,2017-12-21 05:23:41,SSI-D00864612-LL-NAV,"Deklia Plain Casual Blouse (L,Navy)",1,120000,120000,67366,52634
321,ID-20171221-778447,2017-12-21 05:48:44,SSI-D01322234-LL-WHI,"Thafqya Plain Raglan Blouse (L,White)",1,125000,125000,73601,51399
320,ID-20171221-341754,2017-12-21 07:03:46,SSI-D01322234-LL-WHI,"Thafqya Plain Raglan Blouse (L,White)",1,120000,120000,73601,46399
319,ID-20171221-434277,2017-12-21 07:13:39,SSI-D01220346-LL-SAL,"Devibav Plain Trump Blouse (L,Salem)",1,110000,110000,71880,38120
319,ID-20171221-434277,2017-12-21 07:13:39,SSI-D00864652-SS-NAV,"Deklia Plain Casual Blouse (S,Navy)",1,115000,115000,71625,43375
318,ID-20171221-982438,2017-12-21 09:30:07,SSI-D01326223-MM-KHA,"Siunfhi Ethnic Trump Blouse (M,Khaki)",1,110000,110000,64729,45271
318,ID-20171221-982438,2017-12-21 09:30:07,SSI-D00864612-LL-NAV,"Deklia Plain Casual Blouse (L,Navy)",1,120000,120000,67366,52634
317,ID-20171221-224824,2017-12-21 12:29:29,SSI-D01220355-XX-YEL,"Devibav Plain Trump Blouse (XXL,Yellow)",1,110000,110000,65365,44635
316,ID-20171221-887820,2017-12-21 14:07:08,SSI-D01322275-XL-WHI,"Thafqya Plain Raglan Blouse (XL,White)",1,130000,130000,62361,67639
315,ID-20171221-947136,2017-12-21 14:17:59,SSI-D01326205-MM-NAV,"Siunfhi Ethnic Trump Blouse (M,Navy)",1,125000,125000,75210,49790
315,ID-20171221-947136,2017-12-21 14:17:59,SSI-D01220338-XX-SAL,"Devibav Plain Trump Blouse (XXL,Salem)",1,110000,110000,67300,42700
314,ID-20171221-884507,2017-12-21 14:35:49,SSI-D01037812-X3-BLA,"Dellaya Plain Loose Big Blouse (XXXL,Black)",1,130000,130000,67979,62021
313,ID-20171221-276368,2017-12-21 15:06:24,SSI-D00791077-MM-BWH,"Zalekia Plain Casual Blouse (M,Broken White)",1,125000,125000,71855,53145
313,ID-20171221-276368,2017-12-21 15:06:24,SSI-D01326205-MM-NAV,"Siunfhi Ethnic Trump Blouse (M,Navy)",1,120000,120000,75210,44790
312,ID-20171221-247562,2017-12-21 23:23:05,SSI-D00864661-MM-NAV,"Deklia Plain Casual Blouse (M,Navy)",1,125000,125000,72962,52038
311,ID-20171222-485336,2017-12-22 01:19:20,SSI-D01322275-XL-WHI,"Thafqya Plain Raglan Blouse (XL,White)",1,125000,125000,62361,62639
310,ID-20171222-395224,2017-12-22 01:33:21,SSI-D01401064-XL-RED,"Zeomila Zipper Casual Blouse (XL,Red)",1,115000,115000,67662,47338
310,ID-20171222-395224,2017-12-22 01:33:21,SSI-D00864614-XL-NAV,"Deklia Plain Casual Blouse (XL,Navy)",1,115000,115000,65561,49439
309,ID-20171222-281844,2017-12-22 03:52:21,SSI-D00864612-LL-NAV,"Deklia Plain Casual Blouse (L,Navy)",1,110000,110000,67366,42634
308,ID-20171222-892571,2017-12-22 04:01:06,SSI-D00864661-MM-NAV,"Deklia Plain Casual Blouse (M,Navy)",1,120000,120000,72962,47038
307,ID-20171222-146782,2017-12-22 04:48:09,SSI-D01322234-LL-WHI,"Thafqya Plain Raglan Blouse (L,White)",1,120000,120000,73601,46399
306,ID-20171222-926643,2017-12-22 06:10:26,SSI-D01322275-XL-WHI,"Thafqya Plain Raglan Blouse (XL,White)",1,115000,115000,62361,52639
305,ID-20171222-230195,2017-12-22 08:14:23,SSI-D01326205-MM-NAV,"Siunfhi Ethnic Trump Blouse (M,Navy)",1,110000,110000,75210,34790
305,ID-20171222-230195,2017-12-22 08:14:23,SSI-D01322275-XL-WHI,"Thafqya Plain Raglan Blouse (XL,White)",1,120000,120000,62361,57639
304,ID-20171222-982315,2017-12-22 09:33:10,SSI-D00864614-XL-NAV,"Deklia Plain Casual Blouse (XL,Navy)",1,120000,120000,65561,54439
303,ID-20171222-201752,2017-12-22 11:14:43,SSI-D00864614-XL-NAV,"Deklia Plain Casual Blouse (XL,Navy)",1,110000,110000,65561,44439
302,ID-20171222-786404,2017-12-22 11:23:41,SSI-D00864614-XL-NAV,"Deklia Plain Casual Blouse (XL,Navy)",1,130000,130000,65561,64439
302,ID-20171222-786404,2017-12-22 11:23:41,SSI-D01326205-MM-NAV,"Siunfhi Ethnic Trump Blouse (M,Navy)",1,115000,115000,75210,39790
301,ID-20171222-727604,2017-12-22 14:32:38,SSI-D00864661-MM-NAV,"Deklia Plain Casual Blouse (M,Navy)",1,110000,110000,72962,37038
300,ID-20171222-248398,2017-12-22 17:07:03,SSI-D00864612-LL-NAV,"Deklia Plain Casual Blouse (L,Navy)",1,120000,120000,67366,52634
299,ID-20171222-676465,2017-12-22 19:40:04,SSI-D01220334-XL-YEL,"Devibav Plain Trump Blouse (XL,Yellow)",1,125000,125000,71836,53164
298,ID-20171222-840752,2017-12-22 20:39:53,SSI-D01326299-LL-NAV,"Siunfhi Ethnic Trump Blouse (L,Navy)",1,125000,125000,66956,58044
297,ID-20171223-782145,2017-12-23 00:50:33,SSI-D00791077-MM-BWH,"Zalekia Plain Casual Blouse (M,Broken White)",1,115000,115000,71855,43145
297,ID-20171223-782145,2017-12-23 00:50:33,SSI-D01322234-LL-WHI,"Thafqya Plain Raglan Blouse (L,White)",1,115000,115000,73601,41399
296,ID-20171223-409061,2017-12-23 03:01:01,SSI-D01220338-XX-SAL,"Devibav Plain Trump Blouse (XXL,Salem)",1,130000,130000,67300,62700
296,ID-20171223-409061,2017-12-23 03:01:01,SSI-D01220307-XL-SAL,"Devibav Plain Trump Blouse (XL,Salem)",1,130000,130000,69047,60953
295,ID-20171223-391997,2017-12-23 03:48:12,SSI-D01326205-MM-NAV,"Siunfhi Ethnic Trump Blouse (M,Navy)",1,130000,130000,75210,54790
294,ID-20171223-996904,2017-12-23 05:45:56,SSI-D00864612-LL-NAV,"Deklia Plain Casual Blouse (L,Navy)",1,125000,125000,67366,57634
293,ID-20171223-446341,2017-12-23 10:45:05,SSI-D01466064-X3-BLA,"Salyara Plain Casual Big Blouse (XXXL,Black)",1,130000,130000,70072,59928
292,ID-20171223-547686,2017-12-23 11:41:29,SSI-D00864614-XL-NAV,"Deklia Plain Casual Blouse (XL,Navy)",1,125000,125000,65561,59439
292,ID-20171223-547686,2017-12-23 11:41:29,SSI-D01401050-MM-RED,"Zeomila Zipper Casual Blouse (M,Red)",1,130000,130000,70884,59116
291,ID-20171223-143260,2017-12-23 12:19:50,SSI-D00864614-XL-NAV,"Deklia Plain Casual Blouse (XL,Navy)",1,130000,130000,65561,64439
290,ID-20171223-956962,2017-12-23 12:49:17,SSI-D01401050-MM-RED,"Zeomila Zipper Casual Blouse (M,Red)",1,125000,125000,70884,54116
289,ID-20171223-062031,2017-12-23 18:23:53,SSI-D01220355-XX-YEL,"Devibav Plain Trump Blouse (XXL,Yellow)",1,115000,115000,65365,49635
288,ID-20171223-184552,2017-12-23 20:02:38,SSI-D00864661-MM-NAV,"Deklia Plain Casual Blouse (M,Navy)",1,120000,120000,72962,47038
287,ID-20171224-043402,2017-12-24 00:28:19,SSI-D01220355-XX-YEL,"Devibav Plain Trump Blouse (XXL,Yellow)",1,125000,125000,65365,59635
286,ID-20171224-728816,2017-12-24 03:48:07,SSI-D01220355-XX-YEL,"Devibav Plain Trump Blouse (XXL,Yellow)",1,110000,110000,65365,44635
286,ID-20171224-728816,2017-12-24 03:48:07,SSI-D00864652-SS-NAV,"Deklia Plain Casual Blouse (S,Navy)",1,130000,130000,71625,58375
285,ID-20171224-005451,2017-12-24 05:46:45,SSI-D01322234-LL-WHI,"Thafqya Plain Raglan Blouse (L,White)",1,115000,115000,73601,41399
284,ID-20171224-863768,2017-12-24 06:01:01,SSI-D01322234-LL-WHI,"Thafqya Plain Raglan Blouse (L,White)",1,110000,110000,73601,36399
283,ID-20171224-968740,2017-12-24 06:50:23,SSI-D00864652-SS-NAV,"Deklia Plain Casual Blouse (S,Navy)",1,115000,115000,71625,43375
283,ID-20171224-968740,2017-12-24 06:50:23,SSI-D00864661-MM-NAV,"Deklia Plain Casual Blouse (M,Navy)",1,110000,110000,72962,37038
282,ID-20171224-046604,2017-12-24 09:32:41,SSI-D01322275-XL-WHI,"Thafqya Plain Raglan Blouse (XL,White)",1,115000,115000,62361,52639
281,ID-20171224-075738,2017-12-24 12:36:59,SSI-D00864614-XL-NAV,"Deklia Plain Casual Blouse (XL,Navy)",1,130000,130000,65561,64439
281,ID-20171224-075738,2017-12-24 12:36:59,SSI-D01326223-MM-KHA,"Siunfhi Ethnic Trump Blouse (M,Khaki)",1,125000,125000,64729,60271
280,ID-20171224-713961,2017-12-24 19:20:41,SSI-D01322275-XL-WHI,"Thafqya Plain Raglan Blouse (XL,White)",1,110000,110000,62361,47639
279,ID-20171225-907652,2017-12-25 03:14:32,SSI-D00864652-SS-NAV,"Deklia Plain Casual Blouse (S,Navy)",1,115000,115000,71625,43375
278,ID-20171225-810776,2017-12-25 08:21:31,SSI-D01037807-X3-BWH,"Dellaya Plain Loose Big Blouse (XXXL,Broken White)",1,130000,130000,62321,67679
277,ID-20171225-553084,2017-12-25 11:40:59,SSI-D01220346-LL-SAL,"Devibav Plain Trump Blouse (L,Salem)",1,110000,110000,71880,38120
277,ID-20171225-553084,2017-12-25 11:40:59,SSI-D01220349-LL-YEL,"Devibav Plain Trump Blouse (L,Yellow)",1,110000,110000,72544,37456
276,ID-20171225-179645,2017-12-25 14:26:39,SSI-D01322234-LL-WHI,"Thafqya Plain Raglan Blouse (L,White)",1,110000,110000,73601,36399
275,ID-20171225-815256,2017-12-25 15:12:51,SSI-D00864612-LL-NAV,"Deklia Plain Casual Blouse (L,Navy)",1,115000,115000,67366,47634
274,ID-20171225-777359,2017-12-25 17:30:22,SSI-D00864612-LL-NAV,"Deklia Plain Casual Blouse (L,Navy)",1,115000,115000,67366,47634
274,ID-20171225-777359,2017-12-25 17:30:22,SSI-D01220338-XX-SAL,"Devibav Plain Trump Blouse (XXL,Salem)",1,125000,125000,67300,57700
273,ID-20171225-244370,2017-12-25 21:25:04,SSI-D01037822-XX-BLA,"Dellaya Plain Loose Big Blouse (XXL,Black)",1,110000,110000,74011,35989
272,ID-20171225-088536,2017-12-25 23:41:50,SSI-D01220346-LL-SAL,"Devibav Plain Trump Blouse (L,Salem)",1,115000,115000,71880,43120
272,ID-20171225-088536,2017-12-25 23:41:50,SSI-D00864652-SS-NAV,"Deklia Plain Casual Blouse (S,Navy)",1,110000,110000,71625,38375
271,ID-20171226-449515,2017-12-26 01:53:35,SSI-D01220388-MM-SAL,"Devibav Plain Trump Blouse (M,Salem)",1,130000,130000,67500,62500
270,ID-20171226-166459,2017-12-26 03:10:15,SSI-D00791015-LL-BWH,"Zalekia Plain Casual Blouse (L,Broken White)",1,120000,120000,70448,49552
270,ID-20171226-166459,2017-12-26 03:10:15,SSI-D01326299-LL-NAV,"Siunfhi Ethnic Trump Blouse (L,Navy)",1,125000,125000,66956,58044
269,ID-20171226-859882,2017-12-26 07:55:12,SSI-D01326299-LL-NAV,"Siunfhi Ethnic Trump Blouse (L,Navy)",1,110000,110000,66956,43044
269,ID-20171226-859882,2017-12-26 07:55:12,SSI-D00864614-XL-NAV,"Deklia Plain Casual Blouse (XL,Navy)",1,120000,120000,65561,54439
268,ID-20171226-006463,2017-12-26 08:04:13,SSI-D01326223-MM-KHA,"Siunfhi Ethnic Trump Blouse (M,Khaki)",1,115000,115000,64729,50271
267,ID-20171226-038149,2017-12-26 08:08:02,SSI-D00864612-LL-NAV,"Deklia Plain Casual Blouse (L,Navy)",1,120000,120000,67366,52634
267,ID-20171226-038149,2017-12-26 08:08:02,SSI-D01326223-MM-KHA,"Siunfhi Ethnic Trump Blouse (M,Khaki)",1,130000,130000,64729,65271
266,ID-20171226-264782,2017-12-26 08:13:32,SSI-D01326223-MM-KHA,"Siunfhi Ethnic Trump Blouse (M,Khaki)",1,120000,120000,64729,55271
265,ID-20171226-909856,2017-12-26 09:36:17,SSI-D00864612-LL-NAV,"Deklia Plain Casual Blouse (L,Navy)",1,115000,115000,67366,47634
264,ID-20171226-050435,2017-12-26 09:56:36,SSI-D00864652-SS-NAV,"Deklia Plain Casual Blouse (S,Navy)",1,120000,120000,71625,48375
263,ID-20171226-543988,2017-12-26 12:08:40,SSI-D01322275-XL-WHI,"Thafqya Plain Raglan Blouse (XL,White)",1,130000,130000,62361,67639
262,ID-20171226-179931,2017-12-26 12:48:56,SSI-D01466013-XX-BLA,"Salyara Plain Casual Big Blouse (XXL,Black)",1,125000,125000,78270,46730
261,ID-20171226-006107,2017-12-26 13:33:06,SSI-D01037812-X3-BLA,"Dellaya Plain Loose Big Blouse (XXXL,Black)",1,110000,110000,67979,42021
260,ID-20171226-628664,2017-12-26 13:54:19,SSI-D01322234-LL-WHI,"Thafqya Plain Raglan Blouse (L,White)",1,115000,115000,73601,41399
259,ID-20171226-857821,2017-12-26 14:37:38,SSI-D01220334-XL-YEL,"Devibav Plain Trump Blouse (XL,Yellow)",1,120000,120000,71836,48164
259,ID-20171226-857821,2017-12-26 14:37:38,SSI-D00864614-XL-NAV,"Deklia Plain Casual Blouse (XL,Navy)",1,125000,125000,65561,59439
258,ID-20171226-438688,2017-12-26 16:59:46,SSI-D00864614-XL-NAV,"Deklia Plain Casual Blouse (XL,Navy)",1,125000,125000,65561,59439
257,ID-20171226-995674,2017-12-26 17:48:39,SSI-D01466064-X3-BLA,"Salyara Plain Casual Big Blouse (XXXL,Black)",1,130000,130000,70072,59928
256,ID-20171226-976089,2017-12-26 18:16:45,SSI-D00864614-XL-NAV,"Deklia Plain Casual Blouse (XL,Navy)",1,110000,110000,65561,44439
255,ID-20171226-041732,2017-12-26 23:05:33,SSI-D00864612-LL-NAV,"Deklia Plain Casual Blouse (L,Navy)",1,125000,125000,67366,57634
254,ID-20171226-533042,2017-12-26 23:39:48,SSI-D00864614-XL-NAV,"Deklia Plain Casual Blouse (XL,Navy)",1,110000,110000,65561,44439
253,ID-20171226-136514,2017-12-26 23:51:09,SSI-D01322234-LL-WHI,"Thafqya Plain Raglan Blouse (L,White)",1,125000,125000,73601,51399
252,ID-20171227-966441,2017-12-27 01:53:57,SSI-D01466013-XX-BLA,"Salyara Plain Casual Big Blouse (XXL,Black)",1,120000,120000,78270,41730
251,ID-20171227-039776,2017-12-27 01:55:06,SSI-D01220307-XL-SAL,"Devibav Plain Trump Blouse (XL,Salem)",1,115000,115000,69047,45953
250,ID-20171227-267573,2017-12-27 03:35:24,SSI-D01322234-LL-WHI,"Thafqya Plain Raglan Blouse (L,White)",1,120000,120000,73601,46399
250,ID-20171227-267573,2017-12-27 03:35:24,SSI-D01220346-LL-SAL,"Devibav Plain Trump Blouse (L,Salem)",1,115000,115000,71880,43120
249,ID-20171227-201193,2017-12-27 03:38:10,SSI-D01466013-XX-BLA,"Salyara Plain Casual Big Blouse (XXL,Black)",1,130000,130000,78270,51730
248,ID-20171227-415022,2017-12-27 04:16:18,SSI-D01220338-XX-SAL,"Devibav Plain Trump Blouse (XXL,Salem)",1,120000,120000,67300,52700
248,ID-20171227-415022,2017-12-27 04:16:18,SSI-D01466064-X3-BLA,"Salyara Plain Casual Big Blouse (XXXL,Black)",1,125000,125000,70072,54928
247,ID-20171227-917661,2017-12-27 06:25:10,SSI-D01466064-X3-BLA,"Salyara Plain Casual Big Blouse (XXXL,Black)",1,130000,130000,70072,59928
246,ID-20171227-581434,2017-12-27 07:01:18,SSI-D00864614-XL-NAV,"Deklia Plain Casual Blouse (XL,Navy)",1,115000,115000,65561,49439
246,ID-20171227-581434,2017-12-27 07:01:18,SSI-D01466013-XX-BLA,"Salyara Plain Casual Big Blouse (XXL,Black)",1,115000,115000,78270,36730
245,ID-20171227-319695,2017-12-27 08:40:37,SSI-D01466013-XX-BLA,"Salyara Plain Casual Big Blouse (XXL,Black)",1,110000,110000,78270,31730
245,ID-20171227-319695,2017-12-27 08:40:37,SSI-D00864614-XL-NAV,"Deklia Plain Casual Blouse (XL,Navy)",1,130000,130000,65561,64439
244,ID-20171227-781358,2017-12-27 10:40:57,SSI-D00864652-SS-NAV,"Deklia Plain Casual Blouse (S,Navy)",1,120000,120000,71625,48375
243,ID-20171227-509711,2017-12-27 11:36:39,SSI-D01466064-X3-BLA,"Salyara Plain Casual Big Blouse (XXXL,Black)",1,120000,120000,70072,49928
242,ID-20171227-889623,2017-12-27 11:42:35,SSI-D00864612-LL-NAV,"Deklia Plain Casual Blouse (L,Navy)",1,115000,115000,67366,47634
241,ID-20171227-568623,2017-12-27 12:15:08,SSI-D00864612-LL-NAV,"Deklia Plain Casual Blouse (L,Navy)",1,130000,130000,67366,62634
241,ID-20171227-568623,2017-12-27 12:15:08,SSI-D00864614-XL-NAV,"Deklia Plain Casual Blouse (XL,Navy)",1,110000,110000,65561,44439
240,ID-20171227-337664,2017-12-27 14:17:13,SSI-D01322234-LL-WHI,"Thafqya Plain Raglan Blouse (L,White)",1,125000,125000,73601,51399
239,ID-20171227-565202,2017-12-27 14:23:03,SSI-D00864661-MM-NAV,"Deklia Plain Casual Blouse (M,Navy)",1,125000,125000,72962,52038
239,ID-20171227-565202,2017-12-27 14:23:03,SSI-D00864661-MM-NAV,"Deklia Plain Casual Blouse (M,Navy)",1,120000,120000,72962,47038
238,ID-20171227-741708,2017-12-27 14:33:54,SSI-D01220349-LL-YEL,"Devibav Plain Trump Blouse (L,Yellow)",1,125000,125000,72544,52456
237,ID-20171227-138713,2017-12-27 14:34:11,SSI-D00864661-MM-NAV,"Deklia Plain Casual Blouse (M,Navy)",1,115000,115000,72962,42038
237,ID-20171227-138713,2017-12-27 14:34:11,SSI-D01466013-XX-BLA,"Salyara Plain Casual Big Blouse (XXL,Black)",1,115000,115000,78270,36730
236,ID-20171227-168117,2017-12-27 15:22:49,SSI-D01466064-X3-BLA,"Salyara Plain Casual Big Blouse (XXXL,Black)",1,120000,120000,70072,49928
236,ID-20171227-168117,2017-12-27 15:22:49,SSI-D01220349-LL-YEL,"Devibav Plain Trump Blouse (L,Yellow)",1,130000,130000,72544,57456
235,ID-20171227-392944,2017-12-27 15:37:35,SSI-D00864612-LL-NAV,"Deklia Plain Casual Blouse (L,Navy)",1,110000,110000,67366,42634
234,ID-20171227-624319,2017-12-27 19:38:05,SSI-D01322275-XL-WHI,"Thafqya Plain Raglan Blouse (XL,White)",1,130000,130000,62361,67639
233,ID-20171227-631584,2017-12-27 21:23:24,SSI-D00864661-MM-NAV,"Deklia Plain Casual Blouse (M,Navy)",1,120000,120000,72962,47038
232,ID-20171227-998030,2017-12-27 22:36:05,SSI-D00864652-SS-NAV,"Deklia Plain Casual Blouse (S,Navy)",1,110000,110000,71625,38375
232,ID-20171227-998030,2017-12-27 22:36:05,SSI-D00864612-LL-NAV,"Deklia Plain Casual Blouse (L,Navy)",1,130000,130000,67366,62634
231,ID-20171227-439107,2017-12-27 23:49:48,SSI-D01220338-XX-SAL,"Devibav Plain Trump Blouse (XXL,Salem)",1,130000,130000,67300,62700
230,ID-20171228-530021,2017-12-28 01:11:08,SSI-D01322275-XL-WHI,"Thafqya Plain Raglan Blouse (XL,White)",1,125000,125000,62361,62639
229,ID-20171228-918646,2017-12-28 01:22:24,SSI-D00864614-XL-NAV,"Deklia Plain Casual Blouse (XL,Navy)",1,120000,120000,65561,54439
229,ID-20171228-918646,2017-12-28 01:22:24,SSI-D00864652-SS-NAV,"Deklia Plain Casual Blouse (S,Navy)",1,125000,125000,71625,53375
228,ID-20171228-568679,2017-12-28 01:38:17,SSI-D00864614-XL-NAV,"Deklia Plain Casual Blouse (XL,Navy)",1,110000,110000,65561,44439
227,ID-20171228-276067,2017-12-28 01:41:38,SSI-D01322275-XL-WHI,"Thafqya Plain Raglan Blouse (XL,White)",1,120000,120000,62361,57639
226,ID-20171228-831711,2017-12-28 02:54:47,SSI-D00864661-MM-NAV,"Deklia Plain Casual Blouse (M,Navy)",1,110000,110000,72962,37038
225,ID-20171228-174529,2017-12-28 05:47:41,SSI-D01220307-XL-SAL,"Devibav Plain Trump Blouse (XL,Salem)",1,120000,120000,69047,50953
225,ID-20171228-174529,2017-12-28 05:47:41,SSI-D01220338-XX-SAL,"Devibav Plain Trump Blouse (XXL,Salem)",1,115000,115000,67300,47700
224,ID-20171228-682394,2017-12-28 06:36:14,SSI-D00864612-LL-NAV,"Deklia Plain Casual Blouse (L,Navy)",1,125000,125000,67366,57634
223,ID-20171228-306070,2017-12-28 06:40:59,SSI-D01220388-MM-SAL,"Devibav Plain Trump Blouse (M,Salem)",1,125000,125000,67500,57500
223,ID-20171228-306070,2017-12-28 06:40:59,SSI-D01466013-XX-BLA,"Salyara Plain Casual Big Blouse (XXL,Black)",1,115000,115000,78270,36730
222,ID-20171228-753766,2017-12-28 07:06:15,SSI-D01220388-MM-SAL,"Devibav Plain Trump Blouse (M,Salem)",1,115000,115000,67500,47500
221,ID-20171228-102980,2017-12-28 07:32:01,SSI-D01466064-X3-BLA,"Salyara Plain Casual Big Blouse (XXXL,Black)",1,110000,110000,70072,39928
220,ID-20171228-689756,2017-12-28 08:07:49,SSI-D01326205-MM-NAV,"Siunfhi Ethnic Trump Blouse (M,Navy)",1,125000,125000,75210,49790
219,ID-20171228-211792,2017-12-28 08:14:08,SSI-D01326223-MM-KHA,"Siunfhi Ethnic Trump Blouse (M,Khaki)",1,110000,110000,64729,45271
218,ID-20171228-080985,2017-12-28 09:16:11,SSI-D00864614-XL-NAV,"Deklia Plain Casual Blouse (XL,Navy)",1,125000,125000,65561,59439
217,ID-20171228-721965,2017-12-28 09:32:35,SSI-D00864614-XL-NAV,"Deklia Plain Casual Blouse (XL,Navy)",1,115000,115000,65561,49439
216,ID-20171228-683238,2017-12-28 10:10:44,SSI-D00864614-XL-NAV,"Deklia Plain Casual Blouse (XL,Navy)",1,115000,115000,65561,49439
216,ID-20171228-683238,2017-12-28 10:10:44,SSI-D01326286-LL-KHA,"Siunfhi Ethnic Trump Blouse (L,Khaki)",1,125000,125000,68455,56545
215,ID-20171228-201131,2017-12-28 10:31:06,SSI-D01220355-XX-YEL,"Devibav Plain Trump Blouse (XXL,Yellow)",1,125000,125000,65365,59635
214,ID-20171228-995128,2017-12-28 10:32:25,SSI-D01322275-XL-WHI,"Thafqya Plain Raglan Blouse (XL,White)",1,110000,110000,62361,47639
213,ID-20171228-547646,2017-12-28 12:55:57,SSI-D01322234-LL-WHI,"Thafqya Plain Raglan Blouse (L,White)",1,110000,110000,73601,36399
212,ID-20171228-015405,2017-12-28 13:24:57,SSI-D01322234-LL-WHI,"Thafqya Plain Raglan Blouse (L,White)",1,130000,130000,73601,56399
212,ID-20171228-015405,2017-12-28 13:24:57,SSI-D01326223-MM-KHA,"Siunfhi Ethnic Trump Blouse (M,Khaki)",1,130000,130000,64729,65271
211,ID-20171228-671713,2017-12-28 13:59:00,SSI-D00791091-XL-BWH,"Zalekia Plain Casual Blouse (XL,Broken White)",1,125000,125000,73324,51676
211,ID-20171228-671713,2017-12-28 13:59:00,SSI-D00864652-SS-NAV,"Deklia Plain Casual Blouse (S,Navy)",1,115000,115000,71625,43375
210,ID-20171228-246452,2017-12-28 15:26:41,SSI-D01326205-MM-NAV,"Siunfhi Ethnic Trump Blouse (M,Navy)",1,120000,120000,75210,44790
209,ID-20171228-967639,2017-12-28 15:30:50,SSI-D00864614-XL-NAV,"Deklia Plain Casual Blouse (XL,Navy)",1,120000,120000,65561,54439
209,ID-20171228-967639,2017-12-28 15:30:50,SSI-D01326286-LL-KHA,"Siunfhi Ethnic Trump Blouse (L,Khaki)",1,125000,125000,68455,56545
208,ID-20171228-350691,2017-12-28 17:27:57,SSI-D01037812-X3-BLA,"Dellaya Plain Loose Big Blouse (XXXL,Black)",1,125000,125000,67979,57021
207,ID-20171228-357330,2017-12-28 23:08:40,SSI-D01326299-LL-NAV,"Siunfhi Ethnic Trump Blouse (L,Navy)",1,110000,110000,66956,43044
207,ID-20171228-357330,2017-12-28 23:08:40,SSI-D01322275-XL-WHI,"Thafqya Plain Raglan Blouse (XL,White)",1,115000,115000,62361,52639
206,ID-20171228-472764,2017-12-28 23:57:16,SSI-D01466064-X3-BLA,"Salyara Plain Casual Big Blouse (XXXL,Black)",1,120000,120000,70072,49928
205,ID-20171229-825135,2017-12-29 00:53:16,SSI-D01322234-LL-WHI,"Thafqya Plain Raglan Blouse (L,White)",1,125000,125000,73601,51399
205,ID-20171229-825135,2017-12-29 00:53:16,SSI-D01326223-MM-KHA,"Siunfhi Ethnic Trump Blouse (M,Khaki)",1,115000,115000,64729,50271
204,ID-20171229-257994,2017-12-29 02:24:05,SSI-D01037822-XX-BLA,"Dellaya Plain Loose Big Blouse (XXL,Black)",1,125000,125000,74011,50989
204,ID-20171229-257994,2017-12-29 02:24:05,SSI-D00864614-XL-NAV,"Deklia Plain Casual Blouse (XL,Navy)",1,125000,125000,65561,59439
203,ID-20171229-964545,2017-12-29 03:43:44,SSI-D00864614-XL-NAV,"Deklia Plain Casual Blouse (XL,Navy)",1,120000,120000,65561,54439
202,ID-20171229-303232,2017-12-29 04:55:02,SSI-D00791015-LL-BWH,"Zalekia Plain Casual Blouse (L,Broken White)",1,110000,110000,70448,39552
201,ID-20171229-798906,2017-12-29 05:02:01,SSI-D01322275-XL-WHI,"Thafqya Plain Raglan Blouse (XL,White)",1,115000,115000,62361,52639
200,ID-20171229-964982,2017-12-29 05:41:22,SSI-D00864612-LL-NAV,"Deklia Plain Casual Blouse (L,Navy)",1,130000,130000,67366,62634
199,ID-20171229-298712,2017-12-29 06:02:07,SSI-D00864652-SS-NAV,"Deklia Plain Casual Blouse (S,Navy)",1,130000,130000,71625,58375
198,ID-20171229-190670,2017-12-29 06:57:50,SSI-D01326201-XL-KHA,"Siunfhi Ethnic Trump Blouse (XL,Khaki)",1,130000,130000,69809,60191
198,ID-20171229-190670,2017-12-29 06:57:50,SSI-D00864612-LL-NAV,"Deklia Plain Casual Blouse (L,Navy)",1,120000,120000,67366,52634
197,ID-20171229-837990,2017-12-29 08:28:52,SSI-D01322234-LL-WHI,"Thafqya Plain Raglan Blouse (L,White)",1,130000,130000,73601,56399
196,ID-20171229-906821,2017-12-29 08:40:04,SSI-D01322234-LL-WHI,"Thafqya Plain Raglan Blouse (L,White)",1,110000,110000,73601,36399
196,ID-20171229-906821,2017-12-29 08:40:04,SSI-D01220346-LL-SAL,"Devibav Plain Trump Blouse (L,Salem)",1,120000,120000,71880,48120
195,ID-20171229-113056,2017-12-29 10:35:01,SSI-D01037807-X3-BWH,"Dellaya Plain Loose Big Blouse (XXXL,Broken White)",1,130000,130000,62321,67679
194,ID-20171229-407492,2017-12-29 12:28:52,SSI-D00864614-XL-NAV,"Deklia Plain Casual Blouse (XL,Navy)",1,125000,125000,65561,59439
193,ID-20171229-276744,2017-12-29 13:46:48,SSI-D00864614-XL-NAV,"Deklia Plain Casual Blouse (XL,Navy)",1,120000,120000,65561,54439
193,ID-20171229-276744,2017-12-29 13:46:48,SSI-D00864612-LL-NAV,"Deklia Plain Casual Blouse (L,Navy)",1,120000,120000,67366,52634
192,ID-20171229-347817,2017-12-29 22:59:44,SSI-D00864652-SS-NAV,"Deklia Plain Casual Blouse (S,Navy)",2,120000,240000,71625,96750
191,ID-20171229-364783,2017-12-29 23:07:22,SSI-D01220357-SS-YEL,"Devibav Plain Trump Blouse (S,Yellow)",1,115000,115000,63651,51349
191,ID-20171229-364783,2017-12-29 23:07:22,SSI-D01326201-XL-KHA,"Siunfhi Ethnic Trump Blouse (XL,Khaki)",1,120000,120000,69809,50191
190,ID-20171230-241612,2017-12-30 01:27:36,SSI-D01220307-XL-SAL,"Devibav Plain Trump Blouse (XL,Salem)",1,130000,130000,69047,60953
189,ID-20171230-300531,2017-12-30 02:10:00,SSI-D01322275-XL-WHI,"Thafqya Plain Raglan Blouse (XL,White)",1,130000,130000,62361,67639
189,ID-20171230-300531,2017-12-30 02:10:00,SSI-D00864652-SS-NAV,"Deklia Plain Casual Blouse (S,Navy)",1,110000,110000,71625,38375
188,ID-20171230-694816,2017-12-30 02:34:34,SSI-D01466064-X3-BLA,"Salyara Plain Casual Big Blouse (XXXL,Black)",1,130000,130000,70072,59928
187,ID-20171230-254691,2017-12-30 03:16:06,SSI-D00864661-MM-NAV,"Deklia Plain Casual Blouse (M,Navy)",1,130000,130000,72962,57038
186,ID-20171230-900829,2017-12-30 03:27:38,SSI-D00791077-MM-BWH,"Zalekia Plain Casual Blouse (M,Broken White)",1,110000,110000,71855,38145
186,ID-20171230-900829,2017-12-30 03:27:38,SSI-D00864652-SS-NAV,"Deklia Plain Casual Blouse (S,Navy)",1,125000,125000,71625,53375
185,ID-20171230-346227,2017-12-30 03:38:06,SSI-D00864661-MM-NAV,"Deklia Plain Casual Blouse (M,Navy)",1,115000,115000,72962,42038
184,ID-20171230-181450,2017-12-30 03:47:34,SSI-D01220322-MM-YEL,"Devibav Plain Trump Blouse (M,Yellow)",1,115000,115000,67667,47333
184,ID-20171230-181450,2017-12-30 03:47:34,SSI-D01401071-LL-RED,"Zeomila Zipper Casual Blouse (L,Red)",1,110000,110000,68917,41083
183,ID-20171230-186933,2017-12-30 05:58:18,SSI-D01037822-XX-BLA,"Dellaya Plain Loose Big Blouse (XXL,Black)",1,125000,125000,74011,50989
182,ID-20171230-661479,2017-12-30 06:00:43,SSI-D00864614-XL-NAV,"Deklia Plain Casual Blouse (XL,Navy)",1,110000,110000,65561,44439
182,ID-20171230-661479,2017-12-30 06:00:43,SSI-D01220334-XL-YEL,"Devibav Plain Trump Blouse (XL,Yellow)",1,120000,120000,71836,48164
181,ID-20171230-238986,2017-12-30 08:03:30,SSI-D01326205-MM-NAV,"Siunfhi Ethnic Trump Blouse (M,Navy)",1,130000,130000,75210,54790
180,ID-20171230-825401,2017-12-30 10:59:00,SSI-D00864661-MM-NAV,"Deklia Plain Casual Blouse (M,Navy)",1,110000,110000,72962,37038
178,ID-20171230-924238,2017-12-30 12:11:40,SSI-D00864612-LL-NAV,"Deklia Plain Casual Blouse (L,Navy)",1,110000,110000,67366,42634
179,ID-20171230-259265,2017-12-30 12:11:40,SSI-D00864661-MM-NAV,"Deklia Plain Casual Blouse (M,Navy)",1,125000,125000,72962,52038
177,ID-20171230-670555,2017-12-30 13:11:38,SSI-D01037812-X3-BLA,"Dellaya Plain Loose Big Blouse (XXXL,Black)",1,130000,130000,67979,62021
176,ID-20171230-748834,2017-12-30 15:21:56,SSI-D01466064-X3-BLA,"Salyara Plain Casual Big Blouse (XXXL,Black)",1,120000,120000,70072,49928
175,ID-20171231-005151,2017-12-31 00:05:19,SSI-D00864612-LL-NAV,"Deklia Plain Casual Blouse (L,Navy)",1,130000,130000,67366,62634
175,ID-20171231-005151,2017-12-31 00:05:19,SSI-D01220322-MM-YEL,"Devibav Plain Trump Blouse (M,Yellow)",1,110000,110000,67667,42333
174,ID-20171231-900572,2017-12-31 00:47:41,SSI-D00864612-LL-NAV,"Deklia Plain Casual Blouse (L,Navy)",1,130000,130000,67366,62634
173,ID-20171231-881434,2017-12-31 01:19:28,SSI-D01326223-MM-KHA,"Siunfhi Ethnic Trump Blouse (M,Khaki)",1,115000,115000,64729,50271
172,ID-20171231-680516,2017-12-31 02:51:14,SSI-D00864661-MM-NAV,"Deklia Plain Casual Blouse (M,Navy)",1,120000,120000,72962,47038
171,ID-20171231-118186,2017-12-31 03:14:11,SSI-D00864612-LL-NAV,"Deklia Plain Casual Blouse (L,Navy)",1,110000,110000,67366,42634
171,ID-20171231-118186,2017-12-31 03:14:11,SSI-D00864614-XL-NAV,"Deklia Plain Casual Blouse (XL,Navy)",1,120000,120000,65561,54439
170,ID-20171231-667277,2017-12-31 04:29:08,SSI-D00864661-MM-NAV,"Deklia Plain Casual Blouse (M,Navy)",1,120000,120000,72962,47038
169,ID-20171231-832550,2017-12-31 05:42:34,SSI-D00864614-XL-NAV,"Deklia Plain Casual Blouse (XL,Navy)",1,110000,110000,65561,44439
168,ID-20171231-936999,2017-12-31 06:52:31,SSI-D00864612-LL-NAV,"Deklia Plain Casual Blouse (L,Navy)",1,120000,120000,67366,52634
167,ID-20171231-978089,2017-12-31 07:42:05,SSI-D00864612-LL-NAV,"Deklia Plain Casual Blouse (L,Navy)",1,130000,130000,67366,62634
167,ID-20171231-978089,2017-12-31 07:42:05,SSI-D00864661-MM-NAV,"Deklia Plain Casual Blouse (M,Navy)",1,110000,110000,72962,37038
166,ID-20171231-444754,2017-12-31 09:36:16,SSI-D01326223-MM-KHA,"Siunfhi Ethnic Trump Blouse (M,Khaki)",1,130000,130000,64729,65271
165,ID-20171231-658483,2017-12-31 09:50:13,SSI-D01220322-MM-YEL,"Devibav Plain Trump Blouse (M,Yellow)",1,110000,110000,67667,42333
164,ID-20171231-362544,2017-12-31 09:58:58,SSI-D01326201-XL-KHA,"Siunfhi Ethnic Trump Blouse (XL,Khaki)",1,125000,125000,69809,55191
164,ID-20171231-362544,2017-12-31 09:58:58,SSI-D01322275-XL-WHI,"Thafqya Plain Raglan Blouse (XL,White)",1,125000,125000,62361,62639
163,ID-20171231-422476,2017-12-31 13:24:15,SSI-D00864614-XL-NAV,"Deklia Plain Casual Blouse (XL,Navy)",1,110000,110000,65561,44439
162,ID-20171231-816823,2017-12-31 13:25:31,SSI-D00864661-MM-NAV,"Deklia Plain Casual Blouse (M,Navy)",1,110000,110000,72962,37038
161,ID-20171231-561008,2017-12-31 13:42:26,SSI-D01322234-LL-WHI,"Thafqya Plain Raglan Blouse (L,White)",1,115000,115000,73601,41399
161,ID-20171231-561008,2017-12-31 13:42:26,SSI-D01326205-MM-NAV,"Siunfhi Ethnic Trump Blouse (M,Navy)",1,130000,130000,75210,54790
160,ID-20171231-693222,2017-12-31 18:04:17,SSI-D01220307-XL-SAL,"Devibav Plain Trump Blouse (XL,Salem)",1,115000,115000,69047,45953
160,ID-20171231-693222,2017-12-31 18:04:17,SSI-D00864652-SS-NAV,"Deklia Plain Casual Blouse (S,Navy)",1,110000,110000,71625,38375
